timestamp,store_location,payment_type,total_price,card_type,basket
2021-02-23 09:00:48,Isle of Wight,CASH,8.4,None,"large,hot chocolate,2.9,large,chai latte,2.6,large,hot chocolate,2.9"
2021-02-23 09:01:45,Isle of Wight,CARD,2.45,discover,"large,latte,2.45"
2021-02-23 09:02:27,Isle of Wight,CARD,8.1,discover,"regular,frappes - coffee,2.75,regular,cortado,2.05,regular,glass of milk,0.7,regular,speciality tea - camomile,1.3,regular,speciality tea - camomile,1.3"
2021-02-23 09:03:02,Isle of Wight,CASH,2.7,None,"regular,speciality tea - camomile,1.3,regular,hot chocolate,1.4"
2021-02-23 09:04:40,Isle of Wight,CASH,7.25,None,"regular,flavoured iced latte - hazelnut,2.75,large,espresso,1.8,regular,glass of milk,0.7,regular,smoothies - berry beautiful,2.0"
2021-02-23 09:05:18,Isle of Wight,CARD,7.25,americanexpress,"regular,filter coffee,1.5,large,flavoured hot chocolate - caramel,2.9,large,flavoured latte - gingerbread,2.85"
2021-02-23 09:06:33,Isle of Wight,CARD,9.0,mastercard,"regular,hot chocolate,1.4,regular,speciality tea - camomile,1.3,regular,speciality tea - green,1.3,large,americano,2.25,regular,flavoured iced latte - vanilla,2.75"
2021-02-23 09:07:55,Isle of Wight,CARD,2.5,americanexpress,"regular,speciality tea - green,1.3,regular,red label tea,1.2"
2021-02-23 09:08:06,Isle of Wight,CASH,7.15,None,"large,espresso,1.8,regular,flavoured hot chocolate - vanilla,2.6,regular,flavoured iced latte - vanilla,2.75"
2021-02-23 09:09:55,Isle of Wight,CARD,6.0,discover,"regular,speciality tea - green,1.3,regular,flavoured iced latte - vanilla,2.75,regular,americano,1.95"
2021-02-23 09:10:52,Isle of Wight,CASH,3.85,None,"regular,hot chocolate,1.4,large,cappuccino,2.45"
2021-02-23 09:11:26,Isle of Wight,CARD,9.65,visa,"regular,cortado,2.05,regular,latte,2.15,large,flavoured latte - vanilla,2.85,large,chai latte,2.6"
2021-02-23 09:12:18,Isle of Wight,CARD,8.25,visa,"regular,frappes - strawberries & cream,2.75,regular,frappes - strawberries & cream,2.75,regular,flavoured iced latte - vanilla,2.75"
2021-02-23 09:13:44,Isle of Wight,CARD,1.3,americanexpress,"regular,speciality tea - english breakfast,1.3"
2021-02-23 09:14:07,Isle of Wight,CASH,2.05,None,"regular,cortado,2.05"
2021-02-23 09:15:36,Isle of Wight,CASH,7.1,None,"regular,hot chocolate,1.4,large,filter coffee,1.8,regular,speciality tea - camomile,1.3,regular,speciality tea - peppermint,1.3,regular,speciality tea - darjeeling,1.3"
2021-02-23 09:16:55,Isle of Wight,CARD,10.5,visa,"regular,iced americano,2.15,regular,babyccino,0.0,large,flavoured latte - vanilla,2.85,regular,flavoured iced latte - hazelnut,2.75,regular,frappes - strawberries & cream,2.75"
2021-02-23 09:17:52,Isle of Wight,CARD,2.85,visa,"large,flavoured latte - caramel,2.85"
2021-02-23 09:18:56,Isle of Wight,CARD,2.75,visa,"regular,flavoured iced latte - caramel,2.75"
2021-02-23 09:19:27,Isle of Wight,CARD,5.3,visa,"large,flavoured latte - caramel,2.85,large,latte,2.45"
2021-02-23 09:20:35,Isle of Wight,CARD,13.5,americanexpress,"regular,frappes - strawberries & cream,2.75,regular,frappes - strawberries & cream,2.75,large,flavoured latte - gingerbread,2.85,regular,mocha,2.3,large,flavoured latte - gingerbread,2.85"
2021-02-23 09:21:31,Isle of Wight,CASH,7.75,None,"regular,flavoured latte - vanilla,2.55,large,luxury hot chocolate,2.7,regular,speciality tea - green,1.3,regular,red label tea,1.2"
2021-02-23 09:22:36,Isle of Wight,CASH,3.35,None,"regular,hot chocolate,1.4,regular,americano,1.95"
2021-02-23 09:23:57,Isle of Wight,CASH,2.45,None,"large,latte,2.45"
2021-02-23 09:24:48,Isle of Wight,CASH,8.6,None,"large,filter coffee,1.8,large,flavoured hot chocolate - caramel,2.9,regular,flavoured hot chocolate - vanilla,2.6,regular,speciality tea - camomile,1.3"
2021-02-23 09:25:27,Isle of Wight,CARD,3.9,mastercard,"large,chai latte,2.6,regular,speciality tea - fruit,1.3"
2021-02-23 09:26:45,Isle of Wight,CASH,5.15,None,"large,americano,2.25,large,flavoured hot chocolate - caramel,2.9"
2021-02-23 09:27:47,Isle of Wight,CARD,1.2,discover,"regular,red label tea,1.2"
2021-02-23 09:28:07,Isle of Wight,CARD,8.05,americanexpress,"large,latte,2.45,large,flavoured latte - hazelnut,2.85,regular,frappes - strawberries & cream,2.75"
2021-02-23 09:29:06,Isle of Wight,CARD,9.65,visa,"regular,frappes - coffee,2.75,regular,flavoured iced latte - vanilla,2.75,large,flavoured latte - vanilla,2.85,regular,speciality tea - earl grey,1.3"
2021-02-23 09:30:15,Isle of Wight,CASH,2.9,None,"large,hot chocolate,2.9"
2021-02-23 09:31:33,Isle of Wight,CARD,6.2,visa,"regular,flat white,2.15,regular,frappes - chocolate cookie,2.75,regular,speciality tea - green,1.3"
2021-02-23 09:32:53,Isle of Wight,CASH,5.85,None,"regular,flavoured latte - gingerbread,2.55,regular,glass of milk,0.7,large,chai latte,2.6"
2021-02-23 09:33:03,Isle of Wight,CASH,3.8,None,"regular,speciality tea - earl grey,1.3,regular,speciality tea - earl grey,1.3,regular,red label tea,1.2"
2021-02-23 09:34:29,Isle of Wight,CARD,1.3,americanexpress,"regular,speciality tea - fruit,1.3"
2021-02-23 09:35:29,Isle of Wight,CARD,5.3,americanexpress,"regular,babyccino,0.0,regular,flavoured iced latte - vanilla,2.75,regular,flavoured latte - gingerbread,2.55"
2021-02-23 09:36:55,Isle of Wight,CARD,2.55,americanexpress,"regular,flavoured latte - vanilla,2.55"
2021-02-23 09:37:00,Isle of Wight,CARD,2.6,visa,"regular,flavoured hot chocolate - caramel,2.6"
2021-02-23 09:38:44,Isle of Wight,CARD,2.15,visa,"regular,flat white,2.15"
2021-02-23 09:39:55,Isle of Wight,CARD,1.5,visa,"regular,filter coffee,1.5"
2021-02-23 09:40:21,Isle of Wight,CASH,6.8,None,"regular,iced latte,2.35,regular,smoothies - berry beautiful,2.0,large,latte,2.45"
2021-02-23 09:41:04,Isle of Wight,CASH,9.55,None,"regular,flavoured iced latte - vanilla,2.75,regular,speciality tea - earl grey,1.3,regular,frappes - chocolate cookie,2.75,regular,flavoured iced latte - hazelnut,2.75"
2021-02-23 09:42:04,Isle of Wight,CARD,2.75,mastercard,"regular,flavoured iced latte - vanilla,2.75"
2021-02-23 09:43:15,Isle of Wight,CASH,8.4,None,"regular,frappes - strawberries & cream,2.75,regular,red label tea,1.2,regular,mocha,2.3,regular,latte,2.15"
2021-02-23 09:44:11,Isle of Wight,CASH,8.25,None,"regular,flavoured iced latte - caramel,2.75,regular,mocha,2.3,regular,hot chocolate,1.4,large,filter coffee,1.8"
2021-02-23 09:45:30,Isle of Wight,CASH,4.05,None,"regular,speciality tea - english breakfast,1.3,regular,flavoured iced latte - vanilla,2.75"
2021-02-23 09:46:59,Isle of Wight,CASH,10.8,None,"regular,speciality tea - earl grey,1.3,large,chai latte,2.6,regular,flavoured iced latte - caramel,2.75,large,flavoured latte - caramel,2.85,regular,speciality tea - peppermint,1.3"
2021-02-23 09:47:14,Isle of Wight,CARD,1.2,americanexpress,"regular,red label tea,1.2"
2021-02-23 09:48:51,Isle of Wight,CASH,4.95,None,"regular,iced latte,2.35,regular,babyccino,0.0,regular,flavoured hot chocolate - vanilla,2.6"
2021-02-23 09:49:44,Isle of Wight,CASH,4.95,None,"regular,hot chocolate,2.2,regular,frappes - coffee,2.75"
2021-02-23 09:50:36,Isle of Wight,CASH,10.2,None,"regular,flavoured hot chocolate - vanilla,2.6,regular,cortado,2.05,regular,smoothies - glowing greens,2.0,regular,glass of milk,0.7,large,flavoured latte - hazelnut,2.85"
2021-02-23 09:51:27,Isle of Wight,CARD,7.8,visa,"regular,babyccino,0.0,regular,glass of milk,0.7,regular,smoothies - berry beautiful,2.0,large,americano,2.25,large,flavoured latte - caramel,2.85"
2021-02-23 09:52:35,Isle of Wight,CASH,2.6,None,"regular,speciality tea - earl grey,1.3,regular,speciality tea - english breakfast,1.3"
2021-02-23 09:53:59,Isle of Wight,CASH,2.15,None,"regular,cappuccino,2.15"
2021-02-23 09:54:58,Isle of Wight,CASH,4.25,None,"large,latte,2.45,large,espresso,1.8"
2021-02-23 09:55:10,Isle of Wight,CASH,3.75,None,"regular,red label tea,1.2,regular,flavoured latte - hazelnut,2.55"
2021-02-23 09:56:57,Isle of Wight,CASH,7.7,None,"regular,glass of milk,0.7,regular,iced latte,2.35,regular,hot chocolate,2.2,large,latte,2.45"
2021-02-23 09:57:14,Isle of Wight,CARD,5.85,visa,"regular,speciality tea - earl grey,1.3,large,filter coffee,1.8,regular,frappes - coffee,2.75"
2021-02-23 09:58:00,Isle of Wight,CARD,9.25,visa,"large,flavoured hot chocolate - hazelnut,2.9,large,cappuccino,2.45,regular,speciality tea - green,1.3,regular,flavoured hot chocolate - caramel,2.6"
2021-02-23 09:59:28,Isle of Wight,CASH,9.25,None,"regular,speciality tea - fruit,1.3,large,flavoured hot chocolate - caramel,2.9,regular,frappes - strawberries & cream,2.75,regular,mocha,2.3"
2021-02-23 10:00:55,Isle of Wight,CASH,7.0,None,"regular,americano,1.95,regular,chai latte,2.3,regular,flavoured iced latte - caramel,2.75"
2021-02-23 10:01:02,Isle of Wight,CARD,7.8,visa,"regular,latte,2.15,large,latte,2.45,regular,hot chocolate,1.4,large,espresso,1.8"
2021-02-23 10:02:41,Isle of Wight,CARD,3.95,discover,"regular,flavoured iced latte - caramel,2.75,regular,red label tea,1.2"
2021-02-23 10:03:44,Isle of Wight,CARD,10.9,visa,"large,flavoured latte - gingerbread,2.85,regular,latte,2.15,regular,speciality tea - green,1.3,large,chai latte,2.6,regular,smoothies - berry beautiful,2.0"
2021-02-23 10:04:12,Isle of Wight,CASH,5.45,None,"regular,speciality tea - english breakfast,1.3,large,flavoured latte - gingerbread,2.85,regular,speciality tea - peppermint,1.3"
2021-02-23 10:05:32,Isle of Wight,CASH,6.65,None,"regular,flavoured iced latte - vanilla,2.75,regular,red label tea,1.2,large,luxury hot chocolate,2.7"
2021-02-23 10:06:34,Isle of Wight,CARD,2.75,americanexpress,"regular,frappes - chocolate cookie,2.75"
2021-02-23 10:07:33,Isle of Wight,CARD,7.5,discover,"regular,flavoured latte - gingerbread,2.55,large,americano,2.25,large,luxury hot chocolate,2.7"
2021-02-23 10:08:42,Isle of Wight,CASH,2.6,None,"regular,flavoured hot chocolate - vanilla,2.6"
2021-02-23 10:09:50,Isle of Wight,CARD,3.65,mastercard,"regular,speciality tea - camomile,1.3,regular,iced latte,2.35"
2021-02-23 10:10:35,Isle of Wight,CARD,1.3,visa,"regular,speciality tea - fruit,1.3"
2021-02-23 10:11:53,Isle of Wight,CARD,3.45,mastercard,"regular,speciality tea - fruit,1.3,regular,flat white,2.15"
2021-02-23 10:12:40,Isle of Wight,CASH,1.95,None,"regular,americano,1.95,regular,babyccino,0.0"
2021-02-23 10:13:26,Isle of Wight,CARD,3.3,americanexpress,"regular,speciality tea - earl grey,1.3,regular,smoothies - berry beautiful,2.0"
2021-02-23 10:14:45,Isle of Wight,CARD,12.25,visa,"large,flavoured latte - hazelnut,2.85,regular,speciality tea - english breakfast,1.3,large,flavoured hot chocolate - vanilla,2.9,regular,mocha,2.3,large,flavoured hot chocolate - hazelnut,2.9"
2021-02-23 10:15:17,Isle of Wight,CARD,1.3,visa,"regular,speciality tea - darjeeling,1.3"
2021-02-23 10:16:25,Isle of Wight,CASH,11.1,None,"regular,iced americano,2.15,large,flavoured latte - caramel,2.85,regular,speciality tea - english breakfast,1.3,regular,cortado,2.05,regular,flavoured iced latte - vanilla,2.75"
2021-02-23 10:17:33,Isle of Wight,CASH,8.95,None,"regular,frappes - coffee,2.75,regular,smoothies - carrot kick,2.0,regular,smoothies - berry beautiful,2.0,regular,hot chocolate,2.2"
2021-02-23 10:18:11,Isle of Wight,CARD,12.05,mastercard,"large,americano,2.25,regular,flat white,2.15,regular,cappuccino,2.15,regular,flavoured iced latte - vanilla,2.75,regular,flavoured iced latte - vanilla,2.75"
2021-02-23 10:19:56,Isle of Wight,CARD,2.9,visa,"large,flavoured hot chocolate - hazelnut,2.9"
2021-02-23 10:20:36,Isle of Wight,CASH,8.6,None,"regular,speciality tea - camomile,1.3,regular,speciality tea - peppermint,1.3,large,flavoured hot chocolate - hazelnut,2.9,regular,speciality tea - english breakfast,1.3,large,filter coffee,1.8"
2021-02-23 10:21:34,Isle of Wight,CASH,0.0,None,"regular,babyccino,0.0"
2021-02-23 10:22:21,Isle of Wight,CASH,10.4,None,"regular,speciality tea - darjeeling,1.3,large,espresso,1.8,regular,frappes - chocolate cookie,2.75,large,filter coffee,1.8,regular,flavoured iced latte - vanilla,2.75"
2021-02-23 10:23:25,Isle of Wight,CASH,8.9,None,"large,flavoured latte - gingerbread,2.85,regular,flavoured iced latte - hazelnut,2.75,regular,glass of milk,0.7,regular,flavoured hot chocolate - vanilla,2.6"
2021-02-23 10:24:39,Isle of Wight,CARD,2.15,americanexpress,"regular,flat white,2.15"
2021-02-23 10:25:11,Isle of Wight,CARD,5.2,visa,"regular,flavoured iced latte - hazelnut,2.75,large,cappuccino,2.45"
2021-02-23 10:26:01,Isle of Wight,CASH,8.85,None,"large,flavoured hot chocolate - vanilla,2.9,regular,hot chocolate,1.4,large,filter coffee,1.8,regular,frappes - strawberries & cream,2.75"
2021-02-23 10:27:11,Isle of Wight,CARD,2.9,visa,"large,hot chocolate,2.9"
2021-02-23 10:28:40,Isle of Wight,CARD,1.3,visa,"regular,speciality tea - fruit,1.3"
2021-02-23 10:29:46,Isle of Wight,CASH,5.85,None,"regular,red label tea,1.2,regular,babyccino,0.0,regular,frappes - chocolate cookie,2.75,regular,red label tea,1.2,regular,glass of milk,0.7"
2021-02-23 10:30:53,Isle of Wight,CASH,8.85,None,"regular,speciality tea - camomile,1.3,regular,cortado,2.05,regular,frappes - strawberries & cream,2.75,regular,flavoured iced latte - hazelnut,2.75"
2021-02-23 10:31:10,Isle of Wight,CASH,5.35,None,"large,filter coffee,1.8,large,americano,2.25,regular,speciality tea - darjeeling,1.3"
2021-02-23 10:32:27,Isle of Wight,CARD,6.05,visa,"regular,babyccino,0.0,large,americano,2.25,regular,filter coffee,1.5,regular,chai latte,2.3"
2021-02-23 10:33:57,Isle of Wight,CARD,7.3,mastercard,"large,flavoured latte - vanilla,2.85,regular,smoothies - carrot kick,2.0,large,latte,2.45"
2021-02-23 10:34:09,Isle of Wight,CASH,2.5,None,"regular,speciality tea - peppermint,1.3,regular,red label tea,1.2"
2021-02-23 10:35:22,Isle of Wight,CARD,6.1,mastercard,"large,hot chocolate,2.9,regular,hot chocolate,1.4,large,espresso,1.8"
2021-02-23 10:36:42,Isle of Wight,CARD,9.95,visa,"regular,speciality tea - green,1.3,large,flavoured latte - vanilla,2.85,large,flavoured hot chocolate - caramel,2.9,large,flavoured hot chocolate - vanilla,2.9"
2021-02-23 10:37:56,Isle of Wight,CASH,2.25,None,"large,americano,2.25"
2021-02-23 10:38:50,Isle of Wight,CARD,2.0,americanexpress,"regular,smoothies - berry beautiful,2.0"
2021-02-23 10:39:11,Isle of Wight,CASH,4.9,None,"regular,frappes - chocolate cookie,2.75,regular,flat white,2.15"
2021-02-23 10:40:17,Isle of Wight,CASH,5.3,None,"regular,frappes - coffee,2.75,regular,flavoured latte - vanilla,2.55"
2021-02-23 10:41:28,Isle of Wight,CARD,12.55,visa,"large,latte,2.45,large,americano,2.25,large,americano,2.25,regular,flavoured iced latte - hazelnut,2.75,large,flavoured latte - caramel,2.85"
2021-02-23 10:42:45,Isle of Wight,CARD,10.95,visa,"regular,speciality tea - english breakfast,1.3,regular,flavoured iced latte - hazelnut,2.75,regular,flavoured hot chocolate - caramel,2.6,regular,smoothies - carrot kick,2.0,regular,mocha,2.3"
2021-02-23 10:43:27,Isle of Wight,CASH,10.45,None,"regular,speciality tea - earl grey,1.3,regular,flat white,2.15,regular,espresso,1.5,regular,frappes - coffee,2.75,regular,flavoured iced latte - hazelnut,2.75"
2021-02-23 10:44:47,Isle of Wight,CASH,5.6,None,"regular,mocha,2.3,regular,speciality tea - earl grey,1.3,regular,smoothies - berry beautiful,2.0"
2021-02-23 10:45:42,Isle of Wight,CARD,4.9,mastercard,"regular,cappuccino,2.15,regular,flavoured iced latte - vanilla,2.75"
2021-02-23 10:46:49,Isle of Wight,CASH,1.95,None,"regular,americano,1.95"
2021-02-23 10:47:15,Isle of Wight,CASH,1.3,None,"regular,speciality tea - fruit,1.3"
2021-02-23 10:48:21,Isle of Wight,CARD,2.0,visa,"regular,glass of milk,0.7,regular,speciality tea - english breakfast,1.3"
2021-02-23 10:49:47,Isle of Wight,CARD,2.9,visa,"large,flavoured hot chocolate - vanilla,2.9"
2021-02-23 10:50:42,Isle of Wight,CARD,2.75,visa,"regular,frappes - chocolate cookie,2.75"
2021-02-23 10:51:20,Isle of Wight,CARD,8.4,americanexpress,"regular,speciality tea - camomile,1.3,large,flavoured hot chocolate - caramel,2.9,regular,speciality tea - english breakfast,1.3,large,flavoured hot chocolate - caramel,2.9"
2021-02-23 10:52:58,Isle of Wight,CASH,6.75,None,"large,flavoured latte - gingerbread,2.85,large,chai latte,2.6,regular,speciality tea - fruit,1.3"
2021-02-23 10:53:37,Isle of Wight,CARD,5.5,americanexpress,"regular,frappes - strawberries & cream,2.75,regular,frappes - coffee,2.75"
2021-02-23 10:54:41,Isle of Wight,CARD,10.0,visa,"regular,flavoured iced latte - caramel,2.75,large,flavoured latte - hazelnut,2.85,regular,babyccino,0.0,large,espresso,1.8,regular,flavoured hot chocolate - caramel,2.6"
2021-02-23 10:55:17,Isle of Wight,CARD,5.4,discover,"regular,flavoured latte - hazelnut,2.55,large,flavoured latte - gingerbread,2.85"
2021-02-23 10:56:14,Isle of Wight,CASH,2.75,None,"regular,frappes - strawberries & cream,2.75"
2021-02-23 10:57:42,Isle of Wight,CASH,10.9,None,"regular,filter coffee,1.5,large,chai latte,2.6,regular,frappes - strawberries & cream,2.75,regular,flavoured iced latte - hazelnut,2.75,regular,speciality tea - camomile,1.3"
2021-02-23 10:58:40,Isle of Wight,CARD,7.15,visa,"regular,latte,2.15,large,americano,2.25,regular,frappes - strawberries & cream,2.75"
2021-02-23 10:59:24,Isle of Wight,CASH,5.85,None,"regular,speciality tea - darjeeling,1.3,regular,frappes - strawberries & cream,2.75,large,filter coffee,1.8"
2021-02-23 11:00:01,Isle of Wight,CARD,11.6,mastercard,"regular,frappes - chocolate cookie,2.75,large,filter coffee,1.8,regular,latte,2.15,regular,flavoured iced latte - hazelnut,2.75,regular,latte,2.15"
2021-02-23 11:01:31,Isle of Wight,CARD,12.35,mastercard,"large,latte,2.45,regular,flavoured iced latte - hazelnut,2.75,large,flavoured hot chocolate - hazelnut,2.9,regular,smoothies - carrot kick,2.0,large,americano,2.25"
2021-02-23 11:02:11,Isle of Wight,CASH,9.25,None,"regular,speciality tea - green,1.3,regular,iced americano,2.15,regular,flat white,2.15,regular,iced latte,2.35,regular,speciality tea - peppermint,1.3"
2021-02-23 11:03:14,Isle of Wight,CASH,6.3,None,"regular,filter coffee,1.5,large,americano,2.25,regular,flavoured latte - caramel,2.55"
2021-02-23 11:04:21,Isle of Wight,CASH,5.45,None,"regular,speciality tea - green,1.3,regular,speciality tea - darjeeling,1.3,large,flavoured latte - gingerbread,2.85"
2021-02-23 11:05:18,Isle of Wight,CASH,4.9,None,"regular,flat white,2.15,regular,frappes - coffee,2.75"
2021-02-23 11:06:32,Isle of Wight,CARD,7.65,visa,"regular,mocha,2.3,regular,speciality tea - english breakfast,1.3,regular,glass of milk,0.7,regular,cortado,2.05,regular,speciality tea - camomile,1.3"
2021-02-23 11:07:33,Isle of Wight,CARD,5.95,discover,"large,latte,2.45,regular,mocha,2.3,regular,red label tea,1.2"
2021-02-23 11:08:02,Isle of Wight,CARD,6.95,visa,"regular,iced americano,2.15,regular,americano,1.95,large,flavoured latte - gingerbread,2.85"
2021-02-23 11:09:29,Isle of Wight,CASH,7.0,None,"large,americano,2.25,regular,glass of milk,0.7,regular,speciality tea - fruit,1.3,regular,flavoured iced latte - caramel,2.75"
2021-02-23 11:10:01,Isle of Wight,CARD,9.45,discover,"regular,flavoured latte - caramel,2.55,regular,flavoured iced latte - caramel,2.75,large,flavoured latte - gingerbread,2.85,regular,speciality tea - english breakfast,1.3,regular,babyccino,0.0"
2021-02-23 11:11:53,Isle of Wight,CARD,7.05,visa,"large,flavoured latte - hazelnut,2.85,regular,hot chocolate,2.2,regular,smoothies - carrot kick,2.0"
2021-02-23 11:12:52,Isle of Wight,CARD,8.5,americanexpress,"regular,hot chocolate,2.2,regular,frappes - chocolate cookie,2.75,regular,speciality tea - english breakfast,1.3,large,americano,2.25"
2021-02-23 11:13:21,Isle of Wight,CARD,10.25,visa,"regular,speciality tea - camomile,1.3,large,latte,2.45,regular,hot chocolate,1.4,large,flavoured latte - gingerbread,2.85,large,americano,2.25"
2021-02-23 11:14:48,Isle of Wight,CASH,7.3,None,"regular,smoothies - carrot kick,2.0,regular,flavoured iced latte - caramel,2.75,regular,flavoured latte - gingerbread,2.55"
2021-02-23 11:15:27,Isle of Wight,CASH,2.6,None,"regular,speciality tea - fruit,1.3,regular,speciality tea - earl grey,1.3"
2021-02-23 11:16:16,Isle of Wight,CASH,11.05,None,"large,flavoured latte - vanilla,2.85,regular,speciality tea - peppermint,1.3,regular,smoothies - berry beautiful,2.0,regular,frappes - coffee,2.75,regular,flat white,2.15"
2021-02-23 11:17:59,Isle of Wight,CASH,4.6,None,"regular,speciality tea - fruit,1.3,regular,smoothies - carrot kick,2.0,regular,speciality tea - green,1.3"
2021-02-23 11:18:25,Isle of Wight,CARD,9.95,mastercard,"regular,latte,2.15,regular,mocha,2.3,large,hot chocolate,2.9,regular,flavoured hot chocolate - hazelnut,2.6"
2021-02-23 11:19:45,Isle of Wight,CARD,2.3,visa,"regular,mocha,2.3"
2021-02-23 11:20:19,Isle of Wight,CARD,10.85,visa,"regular,iced americano,2.15,regular,cortado,2.05,regular,speciality tea - peppermint,1.3,regular,flavoured iced latte - vanilla,2.75,large,chai latte,2.6"
2021-02-23 11:21:34,Isle of Wight,CARD,4.6,visa,"regular,iced americano,2.15,large,latte,2.45"
2021-02-23 11:22:10,Isle of Wight,CASH,2.55,None,"regular,flavoured latte - hazelnut,2.55"
2021-02-23 11:23:33,Isle of Wight,CARD,4.7,visa,"large,cappuccino,2.45,large,americano,2.25"
2021-02-23 11:24:29,Isle of Wight,CASH,4.75,None,"regular,smoothies - berry beautiful,2.0,regular,frappes - chocolate cookie,2.75"
2021-02-23 11:25:11,Isle of Wight,CARD,4.65,mastercard,"regular,red label tea,1.2,regular,flat white,2.15,regular,speciality tea - english breakfast,1.3"
2021-02-23 11:26:47,Isle of Wight,CASH,2.0,None,"regular,smoothies - carrot kick,2.0"
2021-02-23 11:27:55,Isle of Wight,CARD,2.15,discover,"regular,latte,2.15"
2021-02-23 11:28:22,Isle of Wight,CASH,2.25,None,"large,americano,2.25"
2021-02-23 11:29:45,Isle of Wight,CARD,1.3,americanexpress,"regular,speciality tea - camomile,1.3"
2021-02-23 11:30:21,Isle of Wight,CASH,6.85,None,"large,americano,2.25,regular,chai latte,2.3,regular,mocha,2.3"
2021-02-23 11:31:36,Isle of Wight,CARD,10.05,americanexpress,"regular,speciality tea - earl grey,1.3,large,americano,2.25,regular,smoothies - glowing greens,2.0,regular,latte,2.15,regular,iced latte,2.35"
2021-02-23 11:32:34,Isle of Wight,CARD,6.6,mastercard,"large,flavoured latte - hazelnut,2.85,large,latte,2.45,regular,babyccino,0.0,regular,speciality tea - green,1.3"
2021-02-23 11:33:34,Isle of Wight,CASH,1.3,None,"regular,speciality tea - earl grey,1.3"
2021-02-23 11:34:14,Isle of Wight,CARD,2.9,visa,"large,flavoured hot chocolate - hazelnut,2.9"
2021-02-23 11:35:29,Isle of Wight,CARD,6.25,visa,"regular,babyccino,0.0,regular,smoothies - carrot kick,2.0,regular,flavoured iced latte - caramel,2.75,regular,filter coffee,1.5"
2021-02-23 11:36:24,Isle of Wight,CARD,6.35,visa,"regular,speciality tea - camomile,1.3,large,flavoured hot chocolate - caramel,2.9,regular,cappuccino,2.15"
2021-02-23 11:37:27,Isle of Wight,CASH,3.3,None,"large,chai latte,2.6,regular,glass of milk,0.7"
2021-02-23 11:38:55,Isle of Wight,CARD,3.3,visa,"regular,smoothies - carrot kick,2.0,regular,speciality tea - english breakfast,1.3"
2021-02-23 11:39:00,Isle of Wight,CASH,2.9,None,"large,flavoured hot chocolate - caramel,2.9"
2021-02-23 11:40:25,Isle of Wight,CASH,6.5,None,"regular,speciality tea - green,1.3,regular,flavoured iced latte - hazelnut,2.75,large,cappuccino,2.45"
2021-02-23 11:41:26,Isle of Wight,CASH,4.6,None,"regular,latte,2.15,large,cappuccino,2.45"
2021-02-23 11:42:11,Isle of Wight,CARD,1.3,americanexpress,"regular,speciality tea - darjeeling,1.3"
2021-02-23 11:43:36,Isle of Wight,CARD,6.4,americanexpress,"regular,iced latte,2.35,regular,speciality tea - green,1.3,regular,flavoured iced latte - vanilla,2.75"
2021-02-23 11:44:26,Isle of Wight,CASH,2.25,None,"large,americano,2.25"
2021-02-23 11:45:32,Isle of Wight,CASH,5.2,None,"large,latte,2.45,regular,flavoured iced latte - hazelnut,2.75"
2021-02-23 11:46:41,Isle of Wight,CASH,5.05,None,"regular,speciality tea - darjeeling,1.3,large,cappuccino,2.45,regular,speciality tea - darjeeling,1.3"
2021-02-23 11:47:54,Isle of Wight,CASH,4.6,None,"regular,speciality tea - camomile,1.3,regular,speciality tea - english breakfast,1.3,regular,smoothies - glowing greens,2.0"
2021-02-23 11:48:57,Isle of Wight,CASH,12.45,None,"regular,flavoured iced latte - vanilla,2.75,regular,smoothies - glowing greens,2.0,regular,smoothies - glowing greens,2.0,large,flavoured latte - caramel,2.85,large,flavoured latte - hazelnut,2.85"
2021-02-23 11:49:23,Isle of Wight,CARD,5.9,visa,"regular,flat white,2.15,large,latte,2.45,regular,speciality tea - green,1.3"
2021-02-23 11:50:15,Isle of Wight,CASH,3.45,None,"regular,speciality tea - camomile,1.3,regular,cappuccino,2.15"
2021-02-23 11:51:29,Isle of Wight,CASH,9.35,None,"regular,cortado,2.05,regular,red label tea,1.2,regular,cortado,2.05,large,flavoured latte - gingerbread,2.85,regular,red label tea,1.2"
2021-02-23 11:52:12,Isle of Wight,CASH,9.3,None,"regular,flavoured latte - vanilla,2.55,regular,flavoured latte - vanilla,2.55,large,flavoured hot chocolate - hazelnut,2.9,regular,speciality tea - english breakfast,1.3"
2021-02-23 11:53:30,Isle of Wight,CASH,6.3,None,"regular,filter coffee,1.5,regular,cortado,2.05,regular,frappes - chocolate cookie,2.75"
2021-02-23 11:54:08,Isle of Wight,CARD,2.25,visa,"large,americano,2.25"
2021-02-23 11:55:23,Isle of Wight,CARD,6.9,visa,"regular,flavoured latte - gingerbread,2.55,regular,smoothies - berry beautiful,2.0,regular,iced latte,2.35"
2021-02-23 11:56:26,Isle of Wight,CASH,9.05,None,"regular,cappuccino,2.15,regular,speciality tea - english breakfast,1.3,large,flavoured hot chocolate - vanilla,2.9,regular,smoothies - berry beautiful,2.0,regular,glass of milk,0.7"
2021-02-23 11:57:53,Isle of Wight,CARD,9.8,discover,"regular,iced americano,2.15,regular,frappes - strawberries & cream,2.75,regular,speciality tea - english breakfast,1.3,large,filter coffee,1.8,large,espresso,1.8"
2021-02-23 11:58:14,Isle of Wight,CASH,5.1,None,"regular,babyccino,0.0,large,americano,2.25,regular,babyccino,0.0,large,flavoured latte - vanilla,2.85"
2021-02-23 11:59:52,Isle of Wight,CASH,10.45,None,"regular,frappes - coffee,2.75,large,americano,2.25,regular,hot chocolate,1.4,regular,flavoured iced latte - hazelnut,2.75,regular,speciality tea - earl grey,1.3"
2021-02-23 12:00:58,Isle of Wight,CARD,2.45,discover,"large,cappuccino,2.45"
2021-02-23 12:01:32,Isle of Wight,CARD,6.75,mastercard,"large,flavoured latte - gingerbread,2.85,regular,speciality tea - peppermint,1.3,regular,speciality tea - camomile,1.3,regular,speciality tea - camomile,1.3"
2021-02-23 12:02:01,Isle of Wight,CARD,4.9,americanexpress,"regular,flavoured iced latte - hazelnut,2.75,regular,iced americano,2.15"
2021-02-23 12:03:17,Isle of Wight,CASH,1.8,None,"large,filter coffee,1.8"
2021-02-23 12:04:28,Isle of Wight,CARD,2.25,americanexpress,"large,americano,2.25"
2021-02-23 12:05:17,Isle of Wight,CARD,9.05,visa,"regular,speciality tea - darjeeling,1.3,regular,smoothies - berry beautiful,2.0,regular,glass of milk,0.7,regular,flavoured iced latte - hazelnut,2.75,regular,mocha,2.3"
2021-02-23 12:06:33,Isle of Wight,CARD,2.0,mastercard,"regular,glass of milk,0.7,regular,speciality tea - green,1.3"
2021-02-23 12:07:06,Isle of Wight,CASH,3.9,None,"regular,speciality tea - peppermint,1.3,regular,red label tea,1.2,regular,hot chocolate,1.4"
2021-02-23 12:08:28,Isle of Wight,CASH,8.65,None,"regular,frappes - coffee,2.75,large,latte,2.45,regular,speciality tea - green,1.3,regular,flat white,2.15"
2021-02-23 12:09:19,Isle of Wight,CARD,2.9,discover,"large,flavoured hot chocolate - caramel,2.9"
2021-02-23 12:10:54,Isle of Wight,CASH,7.8,None,"regular,luxury hot chocolate,2.4,large,flavoured latte - vanilla,2.85,regular,flavoured latte - hazelnut,2.55"
2021-02-23 12:11:58,Isle of Wight,CARD,5.8,discover,"regular,luxury hot chocolate,2.4,regular,hot chocolate,1.4,regular,smoothies - berry beautiful,2.0"
2021-02-23 12:12:06,Isle of Wight,CARD,6.25,mastercard,"regular,speciality tea - english breakfast,1.3,regular,flavoured iced latte - vanilla,2.75,regular,hot chocolate,2.2"
2021-02-23 12:13:07,Isle of Wight,CASH,7.55,None,"large,cappuccino,2.45,regular,iced latte,2.35,regular,frappes - coffee,2.75"
2021-02-23 12:14:29,Isle of Wight,CASH,4.55,None,"large,espresso,1.8,regular,frappes - chocolate cookie,2.75"
2021-02-23 12:15:39,Isle of Wight,CARD,1.4,americanexpress,"regular,hot chocolate,1.4"
2021-02-23 12:16:27,Isle of Wight,CASH,1.3,None,"regular,speciality tea - darjeeling,1.3"
2021-02-23 12:17:34,Isle of Wight,CASH,3.9,None,"regular,flavoured hot chocolate - hazelnut,2.6,regular,speciality tea - earl grey,1.3"
2021-02-23 12:18:33,Isle of Wight,CARD,2.75,visa,"regular,frappes - chocolate cookie,2.75"
2021-02-23 12:19:28,Isle of Wight,CASH,4.05,None,"regular,speciality tea - green,1.3,regular,flavoured iced latte - caramel,2.75"
2021-02-23 12:20:55,Isle of Wight,CASH,5.25,None,"regular,flavoured iced latte - hazelnut,2.75,regular,speciality tea - darjeeling,1.3,regular,red label tea,1.2"
2021-02-23 12:21:28,Isle of Wight,CASH,1.4,None,"regular,hot chocolate,1.4"
2021-02-23 12:22:33,Isle of Wight,CASH,7.95,None,"regular,flavoured iced latte - hazelnut,2.75,large,flavoured hot chocolate - hazelnut,2.9,regular,mocha,2.3"
2021-02-23 12:23:36,Isle of Wight,CASH,8.25,None,"regular,hot chocolate,1.4,large,flavoured hot chocolate - caramel,2.9,regular,red label tea,1.2,regular,frappes - chocolate cookie,2.75"
2021-02-23 12:24:31,Isle of Wight,CARD,4.05,discover,"regular,flavoured iced latte - hazelnut,2.75,regular,speciality tea - earl grey,1.3"
2021-02-23 12:25:49,Isle of Wight,CASH,7.45,None,"large,chai latte,2.6,regular,smoothies - carrot kick,2.0,large,flavoured latte - vanilla,2.85"
2021-02-23 12:26:51,Isle of Wight,CASH,8.15,None,"regular,flavoured iced latte - caramel,2.75,regular,iced americano,2.15,regular,speciality tea - english breakfast,1.3,regular,americano,1.95"
2021-02-23 12:27:13,Isle of Wight,CASH,9.1,None,"regular,frappes - chocolate cookie,2.75,regular,smoothies - carrot kick,2.0,regular,espresso,1.5,large,flavoured latte - hazelnut,2.85"
2021-02-23 12:28:46,Isle of Wight,CASH,2.85,None,"large,flavoured latte - caramel,2.85"
2021-02-23 12:29:37,Isle of Wight,CARD,7.4,americanexpress,"large,flavoured latte - caramel,2.85,regular,americano,1.95,regular,flavoured hot chocolate - hazelnut,2.6"
2021-02-23 12:30:00,Isle of Wight,CASH,2.7,None,"large,luxury hot chocolate,2.7"
2021-02-23 12:31:00,Isle of Wight,CARD,2.55,visa,"regular,flavoured latte - vanilla,2.55"
2021-02-23 12:32:51,Isle of Wight,CASH,6.05,None,"regular,smoothies - glowing greens,2.0,large,flavoured latte - vanilla,2.85,regular,red label tea,1.2"
2021-02-23 12:33:04,Isle of Wight,CASH,1.8,None,"large,filter coffee,1.8"
2021-02-23 12:34:12,Isle of Wight,CASH,2.85,None,"large,flavoured latte - caramel,2.85"
2021-02-23 12:35:40,Isle of Wight,CARD,10.15,americanexpress,"regular,iced americano,2.15,large,flavoured latte - vanilla,2.85,large,flavoured latte - vanilla,2.85,regular,mocha,2.3"
2021-02-23 12:36:17,Isle of Wight,CARD,6.2,visa,"regular,latte,2.15,regular,frappes - strawberries & cream,2.75,regular,speciality tea - earl grey,1.3"
2021-02-23 12:37:02,Isle of Wight,CARD,6.1,mastercard,"large,latte,2.45,large,americano,2.25,regular,hot chocolate,1.4"
2021-02-23 12:38:55,Isle of Wight,CASH,8.1,None,"regular,cortado,2.05,regular,flavoured iced latte - caramel,2.75,regular,speciality tea - peppermint,1.3,regular,smoothies - berry beautiful,2.0"
2021-02-23 12:39:40,Isle of Wight,CASH,2.9,None,"large,flavoured hot chocolate - caramel,2.9"
2021-02-23 12:40:02,Isle of Wight,CARD,8.4,visa,"regular,frappes - coffee,2.75,large,hot chocolate,2.9,regular,flavoured iced latte - hazelnut,2.75"
2021-02-23 12:41:07,Isle of Wight,CASH,8.55,None,"large,espresso,1.8,large,filter coffee,1.8,regular,iced latte,2.35,regular,flavoured hot chocolate - caramel,2.6"
2021-02-23 12:42:33,Isle of Wight,CARD,2.15,visa,"regular,iced americano,2.15"
2021-02-23 12:43:47,Isle of Wight,CASH,10.1,None,"regular,iced americano,2.15,regular,smoothies - berry beautiful,2.0,large,chai latte,2.6,regular,speciality tea - green,1.3,regular,cortado,2.05"
2021-02-23 12:44:37,Isle of Wight,CASH,3.95,None,"regular,smoothies - berry beautiful,2.0,regular,americano,1.95"
2021-02-23 12:45:06,Isle of Wight,CASH,7.35,None,"large,flavoured hot chocolate - caramel,2.9,regular,latte,2.15,regular,mocha,2.3"
2021-02-23 12:46:51,Isle of Wight,CASH,8.45,None,"regular,cortado,2.05,regular,cortado,2.05,large,filter coffee,1.8,regular,flavoured latte - hazelnut,2.55"
2021-02-23 12:47:47,Isle of Wight,CARD,2.25,americanexpress,"large,americano,2.25"
2021-02-23 12:48:38,Isle of Wight,CARD,3.1,americanexpress,"regular,speciality tea - fruit,1.3,large,filter coffee,1.8"
2021-02-23 12:49:23,Isle of Wight,CASH,6.45,None,"regular,babyccino,0.0,regular,flat white,2.15,regular,mocha,2.3,regular,smoothies - berry beautiful,2.0"
2021-02-23 12:50:52,Isle of Wight,CASH,7.65,None,"regular,flat white,2.15,regular,flavoured iced latte - caramel,2.75,regular,flavoured iced latte - vanilla,2.75"
2021-02-23 12:51:20,Isle of Wight,CARD,9.5,visa,"regular,flavoured iced latte - vanilla,2.75,regular,flavoured latte - caramel,2.55,regular,speciality tea - peppermint,1.3,large,hot chocolate,2.9"
2021-02-23 12:52:45,Isle of Wight,CARD,7.45,discover,"regular,flat white,2.15,regular,frappes - coffee,2.75,regular,flavoured latte - hazelnut,2.55"
2021-02-23 12:53:26,Isle of Wight,CASH,11.45,None,"large,espresso,1.8,large,flavoured latte - gingerbread,2.85,regular,flavoured iced latte - caramel,2.75,regular,frappes - chocolate cookie,2.75,regular,speciality tea - peppermint,1.3"
2021-02-23 12:54:07,Isle of Wight,CASH,2.7,None,"regular,hot chocolate,1.4,regular,speciality tea - peppermint,1.3"
2021-02-23 12:55:00,Isle of Wight,CARD,8.35,visa,"regular,flavoured hot chocolate - caramel,2.6,regular,flat white,2.15,regular,speciality tea - fruit,1.3,regular,chai latte,2.3,regular,babyccino,0.0"
2021-02-23 12:56:18,Isle of Wight,CARD,2.0,discover,"regular,smoothies - carrot kick,2.0"
2021-02-23 12:57:07,Isle of Wight,CASH,4.15,None,"regular,hot chocolate,1.4,regular,frappes - strawberries & cream,2.75"
2021-02-23 12:58:43,Isle of Wight,CARD,2.25,americanexpress,"large,americano,2.25"
2021-02-23 12:59:50,Isle of Wight,CARD,7.1,visa,"regular,flavoured iced latte - hazelnut,2.75,regular,speciality tea - darjeeling,1.3,regular,glass of milk,0.7,regular,iced latte,2.35"
2021-02-23 13:00:11,Isle of Wight,CARD,4.05,visa,"regular,frappes - chocolate cookie,2.75,regular,speciality tea - green,1.3"
2021-02-23 13:01:20,Isle of Wight,CARD,8.25,mastercard,"regular,filter coffee,1.5,large,flavoured latte - caramel,2.85,regular,babyccino,0.0,regular,flavoured hot chocolate - hazelnut,2.6,regular,speciality tea - darjeeling,1.3"
2021-02-23 13:02:38,Isle of Wight,CARD,5.5,americanexpress,"regular,speciality tea - darjeeling,1.3,regular,flat white,2.15,regular,cortado,2.05,regular,babyccino,0.0"
2021-02-23 13:03:19,Isle of Wight,CARD,12.85,visa,"regular,frappes - coffee,2.75,large,latte,2.45,large,luxury hot chocolate,2.7,regular,flavoured iced latte - caramel,2.75,regular,hot chocolate,2.2"
2021-02-23 13:04:13,Isle of Wight,CASH,1.2,None,"regular,red label tea,1.2"
2021-02-23 13:05:33,Isle of Wight,CASH,1.5,None,"regular,filter coffee,1.5"
2021-02-23 13:06:45,Isle of Wight,CARD,3.45,americanexpress,"large,americano,2.25,regular,red label tea,1.2"
2021-02-23 13:07:09,Isle of Wight,CARD,6.05,discover,"regular,flavoured hot chocolate - vanilla,2.6,regular,latte,2.15,regular,speciality tea - peppermint,1.3"
2021-02-23 13:08:21,Isle of Wight,CARD,12.15,visa,"regular,flavoured iced latte - hazelnut,2.75,regular,espresso,1.5,large,flavoured hot chocolate - vanilla,2.9,large,americano,2.25,regular,flavoured iced latte - vanilla,2.75"
2021-02-23 13:09:39,Isle of Wight,CASH,12.25,None,"regular,flavoured latte - vanilla,2.55,regular,iced latte,2.35,large,luxury hot chocolate,2.7,regular,hot chocolate,2.2,large,latte,2.45"
2021-02-23 13:10:12,Isle of Wight,CASH,2.6,None,"regular,speciality tea - green,1.3,regular,speciality tea - green,1.3"
2021-02-23 13:11:34,Isle of Wight,CASH,2.3,None,"regular,chai latte,2.3"
2021-02-23 13:12:07,Isle of Wight,CARD,8.05,visa,"regular,flavoured iced latte - caramel,2.75,regular,flavoured iced latte - hazelnut,2.75,regular,flavoured latte - hazelnut,2.55"
2021-02-23 13:13:43,Isle of Wight,CASH,9.5,None,"large,chai latte,2.6,regular,frappes - chocolate cookie,2.75,regular,speciality tea - earl grey,1.3,large,flavoured latte - caramel,2.85"
2021-02-23 13:14:51,Isle of Wight,CASH,5.7,None,"large,flavoured latte - caramel,2.85,large,flavoured latte - vanilla,2.85"
2021-02-23 13:15:20,Isle of Wight,CASH,7.25,None,"regular,speciality tea - english breakfast,1.3,regular,red label tea,1.2,large,latte,2.45,regular,mocha,2.3"
2021-02-23 13:16:59,Isle of Wight,CASH,4.6,None,"large,americano,2.25,regular,iced latte,2.35"
2021-02-23 13:17:24,Isle of Wight,CARD,4.25,visa,"regular,espresso,1.5,regular,flavoured iced latte - caramel,2.75"
2021-02-23 13:18:00,Isle of Wight,CARD,2.75,discover,"regular,frappes - coffee,2.75"
2021-02-23 13:19:21,Isle of Wight,CARD,2.9,discover,"large,flavoured hot chocolate - vanilla,2.9"
2021-02-23 13:20:56,Isle of Wight,CARD,11.95,mastercard,"large,hot chocolate,2.9,large,americano,2.25,regular,flavoured iced latte - hazelnut,2.75,regular,speciality tea - peppermint,1.3,regular,flavoured iced latte - vanilla,2.75"
2021-02-23 13:21:06,Isle of Wight,CASH,9.9,None,"regular,speciality tea - earl grey,1.3,large,espresso,1.8,regular,flavoured iced latte - caramel,2.75,regular,cortado,2.05,regular,smoothies - carrot kick,2.0"
2021-02-23 13:22:33,Isle of Wight,CARD,7.3,americanexpress,"regular,mocha,2.3,large,flavoured latte - gingerbread,2.85,regular,flat white,2.15"
2021-02-23 13:23:29,Isle of Wight,CASH,2.0,None,"regular,speciality tea - camomile,1.3,regular,glass of milk,0.7"
2021-02-23 13:24:11,Isle of Wight,CASH,8.95,None,"regular,speciality tea - fruit,1.3,regular,speciality tea - earl grey,1.3,regular,frappes - chocolate cookie,2.75,regular,speciality tea - earl grey,1.3,regular,mocha,2.3"
2021-02-23 13:25:33,Isle of Wight,CASH,9.25,None,"regular,speciality tea - darjeeling,1.3,large,flavoured hot chocolate - caramel,2.9,regular,flavoured hot chocolate - vanilla,2.6,large,cappuccino,2.45"
2021-02-23 13:26:16,Isle of Wight,CARD,9.25,visa,"large,chai latte,2.6,large,chai latte,2.6,regular,flavoured iced latte - caramel,2.75,regular,speciality tea - earl grey,1.3"
2021-02-23 13:27:36,Isle of Wight,CASH,0.7,None,"regular,glass of milk,0.7"
2021-02-23 13:28:36,Isle of Wight,CASH,5.15,None,"large,flavoured latte - vanilla,2.85,regular,mocha,2.3"
2021-02-23 13:29:31,Isle of Wight,CARD,4.75,visa,"regular,smoothies - berry beautiful,2.0,regular,frappes - strawberries & cream,2.75"
2021-02-23 13:30:06,Isle of Wight,CASH,8.85,None,"large,filter coffee,1.8,regular,flavoured iced latte - vanilla,2.75,regular,smoothies - glowing greens,2.0,regular,chai latte,2.3"
2021-02-23 13:31:48,Isle of Wight,CASH,10.05,None,"large,espresso,1.8,regular,flavoured iced latte - hazelnut,2.75,regular,flavoured iced latte - vanilla,2.75,regular,flavoured iced latte - vanilla,2.75"
2021-02-23 13:32:04,Isle of Wight,CASH,8.05,None,"regular,speciality tea - green,1.3,regular,smoothies - berry beautiful,2.0,regular,smoothies - carrot kick,2.0,regular,frappes - coffee,2.75"
2021-02-23 13:33:32,Isle of Wight,CASH,12.3,None,"regular,flavoured latte - hazelnut,2.55,regular,americano,1.95,regular,frappes - coffee,2.75,regular,mocha,2.3,regular,flavoured iced latte - hazelnut,2.75"
2021-02-23 13:34:38,Isle of Wight,CARD,9.65,mastercard,"large,flavoured hot chocolate - hazelnut,2.9,regular,speciality tea - darjeeling,1.3,regular,flavoured hot chocolate - vanilla,2.6,large,flavoured latte - vanilla,2.85"
2021-02-23 13:35:48,Isle of Wight,CASH,8.5,None,"regular,speciality tea - green,1.3,large,flavoured hot chocolate - vanilla,2.9,regular,chai latte,2.3,regular,smoothies - glowing greens,2.0"
2021-02-23 13:36:57,Isle of Wight,CARD,11.0,discover,"regular,smoothies - glowing greens,2.0,regular,luxury hot chocolate,2.4,regular,iced latte,2.35,regular,frappes - strawberries & cream,2.75,regular,filter coffee,1.5"
2021-02-23 13:37:05,Isle of Wight,CASH,2.25,None,"large,americano,2.25"
2021-02-23 13:38:42,Isle of Wight,CASH,5.3,None,"regular,babyccino,0.0,large,latte,2.45,large,flavoured latte - hazelnut,2.85"
2021-02-23 13:39:18,Isle of Wight,CASH,1.3,None,"regular,speciality tea - green,1.3"
2021-02-23 13:40:40,Isle of Wight,CARD,6.0,americanexpress,"regular,smoothies - glowing greens,2.0,regular,hot chocolate,1.4,regular,flavoured hot chocolate - vanilla,2.6"
2021-02-23 13:41:59,Isle of Wight,CARD,2.85,visa,"large,flavoured latte - caramel,2.85"
2021-02-23 13:42:36,Isle of Wight,CASH,10.1,None,"regular,speciality tea - earl grey,1.3,large,chai latte,2.6,regular,speciality tea - peppermint,1.3,regular,smoothies - berry beautiful,2.0,large,flavoured hot chocolate - hazelnut,2.9"
2021-02-23 13:43:36,Isle of Wight,CASH,10.95,None,"regular,frappes - coffee,2.75,large,cappuccino,2.45,large,flavoured hot chocolate - caramel,2.9,large,flavoured latte - hazelnut,2.85"
2021-02-23 13:44:28,Isle of Wight,CARD,2.15,visa,"regular,flat white,2.15"
2021-02-23 13:45:42,Isle of Wight,CARD,3.3,visa,"regular,speciality tea - peppermint,1.3,regular,smoothies - carrot kick,2.0"
2021-02-23 13:46:52,Isle of Wight,CASH,9.1,None,"regular,flavoured iced latte - vanilla,2.75,large,hot chocolate,2.9,regular,speciality tea - green,1.3,regular,iced americano,2.15"
2021-02-23 13:47:55,Isle of Wight,CARD,2.75,visa,"regular,frappes - chocolate cookie,2.75"
2021-02-23 13:48:52,Isle of Wight,CARD,8.4,discover,"large,filter coffee,1.8,regular,hot chocolate,1.4,regular,flavoured iced latte - vanilla,2.75,large,cappuccino,2.45"
2021-02-23 13:49:50,Isle of Wight,CARD,2.75,visa,"regular,flavoured iced latte - caramel,2.75"
2021-02-23 13:50:38,Isle of Wight,CASH,3.75,None,"regular,speciality tea - peppermint,1.3,large,cappuccino,2.45"
2021-02-23 13:51:49,Isle of Wight,CARD,2.75,mastercard,"regular,flavoured iced latte - vanilla,2.75"
2021-02-23 13:52:23,Isle of Wight,CARD,13.1,mastercard,"regular,frappes - coffee,2.75,regular,iced latte,2.35,regular,hot chocolate,2.2,large,hot chocolate,2.9,large,hot chocolate,2.9"
2021-02-23 13:53:52,Isle of Wight,CARD,10.3,visa,"large,filter coffee,1.8,large,flavoured latte - gingerbread,2.85,regular,filter coffee,1.5,regular,latte,2.15,regular,smoothies - carrot kick,2.0"
2021-02-23 13:54:21,Isle of Wight,CARD,7.25,visa,"regular,speciality tea - peppermint,1.3,large,filter coffee,1.8,regular,speciality tea - fruit,1.3,large,flavoured latte - hazelnut,2.85"
2021-02-23 13:55:40,Isle of Wight,CARD,7.85,mastercard,"regular,smoothies - carrot kick,2.0,regular,red label tea,1.2,regular,speciality tea - earl grey,1.3,regular,cortado,2.05,regular,speciality tea - fruit,1.3"
2021-02-23 13:56:10,Isle of Wight,CASH,11.0,None,"regular,cortado,2.05,regular,flat white,2.15,regular,flavoured iced latte - hazelnut,2.75,regular,speciality tea - darjeeling,1.3,regular,flavoured iced latte - vanilla,2.75"
2021-02-23 13:57:44,Isle of Wight,CASH,9.6,None,"regular,americano,1.95,large,flavoured hot chocolate - vanilla,2.9,regular,hot chocolate,1.4,regular,cortado,2.05,regular,speciality tea - green,1.3"
2021-02-23 13:58:32,Isle of Wight,CASH,12.55,None,"large,flavoured hot chocolate - hazelnut,2.9,regular,smoothies - berry beautiful,2.0,regular,frappes - strawberries & cream,2.75,regular,frappes - strawberries & cream,2.75,regular,latte,2.15"
2021-02-23 13:59:03,Isle of Wight,CASH,7.5,None,"large,latte,2.45,regular,mocha,2.3,regular,frappes - chocolate cookie,2.75"
2021-02-23 14:00:19,Isle of Wight,CARD,12.2,visa,"regular,latte,2.15,regular,flavoured latte - vanilla,2.55,large,flavoured hot chocolate - vanilla,2.9,large,latte,2.45,regular,iced americano,2.15"
2021-02-23 14:01:15,Isle of Wight,CARD,1.3,visa,"regular,speciality tea - peppermint,1.3"
2021-02-23 14:02:36,Isle of Wight,CASH,1.8,None,"large,filter coffee,1.8"
2021-02-23 14:03:01,Isle of Wight,CASH,3.3,None,"regular,speciality tea - camomile,1.3,regular,smoothies - glowing greens,2.0"
2021-02-23 14:04:38,Isle of Wight,CARD,7.1,mastercard,"large,americano,2.25,large,flavoured latte - caramel,2.85,regular,smoothies - carrot kick,2.0"
2021-02-23 14:05:53,Isle of Wight,CARD,2.75,mastercard,"regular,flavoured iced latte - hazelnut,2.75"
2021-02-23 14:06:55,Isle of Wight,CARD,9.5,americanexpress,"large,filter coffee,1.8,large,americano,2.25,regular,smoothies - glowing greens,2.0,regular,iced americano,2.15,regular,speciality tea - fruit,1.3"
2021-02-23 14:07:52,Isle of Wight,CARD,2.15,visa,"regular,flat white,2.15"
2021-02-23 14:08:32,Isle of Wight,CASH,1.4,None,"regular,hot chocolate,1.4"
2021-02-23 14:09:18,Isle of Wight,CARD,1.95,visa,"regular,americano,1.95"
2021-02-23 14:10:22,Isle of Wight,CASH,9.45,None,"regular,speciality tea - english breakfast,1.3,large,latte,2.45,large,flavoured latte - vanilla,2.85,large,flavoured latte - caramel,2.85"
2021-02-23 14:11:51,Isle of Wight,CASH,9.75,None,"large,flavoured latte - caramel,2.85,regular,flavoured iced latte - vanilla,2.75,regular,iced americano,2.15,regular,smoothies - glowing greens,2.0"
2021-02-23 14:12:38,Isle of Wight,CARD,0.7,visa,"regular,glass of milk,0.7"
2021-02-23 14:13:19,Isle of Wight,CASH,5.65,None,"large,flavoured hot chocolate - caramel,2.9,regular,frappes - strawberries & cream,2.75"
2021-02-23 14:14:47,Isle of Wight,CARD,2.15,mastercard,"regular,iced americano,2.15"
2021-02-23 14:15:46,Isle of Wight,CASH,2.55,None,"regular,flavoured latte - gingerbread,2.55"
2021-02-23 14:16:46,Isle of Wight,CARD,4.2,discover,"large,flavoured hot chocolate - caramel,2.9,regular,speciality tea - english breakfast,1.3"
2021-02-23 14:17:51,Isle of Wight,CARD,5.75,discover,"regular,smoothies - carrot kick,2.0,regular,speciality tea - green,1.3,large,latte,2.45"
2021-02-23 14:18:40,Isle of Wight,CARD,4.75,visa,"regular,flavoured iced latte - caramel,2.75,regular,smoothies - berry beautiful,2.0"
2021-02-23 14:19:12,Isle of Wight,CASH,4.45,None,"large,latte,2.45,regular,smoothies - berry beautiful,2.0"
2021-02-23 14:20:52,Isle of Wight,CARD,12.25,visa,"regular,flavoured iced latte - vanilla,2.75,large,flavoured hot chocolate - hazelnut,2.9,regular,smoothies - carrot kick,2.0,large,cappuccino,2.45,regular,flat white,2.15"
2021-02-23 14:21:40,Isle of Wight,CARD,3.45,discover,"regular,glass of milk,0.7,regular,frappes - chocolate cookie,2.75"
2021-02-23 14:22:40,Isle of Wight,CARD,4.7,visa,"regular,flavoured iced latte - caramel,2.75,regular,americano,1.95"
2021-02-23 14:23:37,Isle of Wight,CASH,2.0,None,"regular,smoothies - glowing greens,2.0"
2021-02-23 14:24:35,Isle of Wight,CASH,4.9,None,"large,flavoured hot chocolate - vanilla,2.9,regular,smoothies - glowing greens,2.0"
2021-02-23 14:25:59,Isle of Wight,CASH,9.85,None,"large,chai latte,2.6,regular,chai latte,2.3,regular,flavoured hot chocolate - hazelnut,2.6,regular,iced latte,2.35"
2021-02-23 14:26:22,Isle of Wight,CASH,5.95,None,"regular,red label tea,1.2,regular,glass of milk,0.7,regular,speciality tea - darjeeling,1.3,regular,frappes - chocolate cookie,2.75"
2021-02-23 14:27:18,Isle of Wight,CASH,4.6,None,"regular,speciality tea - fruit,1.3,regular,smoothies - carrot kick,2.0,regular,speciality tea - green,1.3,regular,babyccino,0.0"
2021-02-23 14:28:30,Isle of Wight,CASH,8.5,None,"regular,smoothies - glowing greens,2.0,regular,cortado,2.05,large,latte,2.45,regular,smoothies - carrot kick,2.0"
2021-02-23 14:29:24,Isle of Wight,CARD,11.15,discover,"regular,americano,1.95,regular,chai latte,2.3,regular,speciality tea - earl grey,1.3,large,flavoured latte - gingerbread,2.85,regular,flavoured iced latte - hazelnut,2.75"
2021-02-23 14:30:05,Isle of Wight,CARD,5.35,mastercard,"regular,flat white,2.15,large,espresso,1.8,regular,hot chocolate,1.4"
2021-02-23 14:31:48,Isle of Wight,CASH,6.05,None,"regular,speciality tea - green,1.3,regular,flavoured iced latte - hazelnut,2.75,regular,smoothies - glowing greens,2.0"
2021-02-23 14:32:36,Isle of Wight,CARD,3.6,visa,"regular,speciality tea - green,1.3,regular,mocha,2.3"
2021-02-23 14:33:46,Isle of Wight,CARD,1.8,visa,"large,espresso,1.8"
2021-02-23 14:34:48,Isle of Wight,CASH,4.2,None,"large,hot chocolate,2.9,regular,speciality tea - peppermint,1.3"
2021-02-23 14:35:52,Isle of Wight,CASH,4.7,None,"large,cappuccino,2.45,large,americano,2.25"
2021-02-23 14:36:03,Isle of Wight,CASH,4.0,None,"large,chai latte,2.6,regular,hot chocolate,1.4"
2021-02-23 14:37:31,Isle of Wight,CASH,4.05,None,"regular,speciality tea - camomile,1.3,regular,frappes - chocolate cookie,2.75"
2021-02-23 14:38:27,Isle of Wight,CARD,4.05,discover,"regular,flavoured iced latte - caramel,2.75,regular,speciality tea - peppermint,1.3"
2021-02-23 14:39:17,Isle of Wight,CARD,9.3,mastercard,"regular,mocha,2.3,large,americano,2.25,large,latte,2.45,regular,chai latte,2.3"
2021-02-23 14:40:53,Isle of Wight,CASH,7.7,None,"regular,speciality tea - peppermint,1.3,regular,speciality tea - green,1.3,regular,smoothies - berry beautiful,2.0,regular,speciality tea - english breakfast,1.3,large,espresso,1.8"
2021-02-23 14:41:26,Isle of Wight,CASH,13.4,None,"regular,flavoured iced latte - caramel,2.75,large,flavoured hot chocolate - vanilla,2.9,regular,mocha,2.3,large,flavoured latte - vanilla,2.85,large,chai latte,2.6"
2021-02-23 14:42:06,Isle of Wight,CARD,11.5,mastercard,"large,luxury hot chocolate,2.7,regular,smoothies - berry beautiful,2.0,regular,frappes - chocolate cookie,2.75,regular,speciality tea - darjeeling,1.3,regular,flavoured iced latte - vanilla,2.75"
2021-02-23 14:43:05,Isle of Wight,CARD,2.45,discover,"large,latte,2.45"
2021-02-23 14:44:02,Isle of Wight,CASH,3.7,None,"regular,hot chocolate,2.2,regular,espresso,1.5"
2021-02-23 14:45:45,Isle of Wight,CARD,11.4,americanexpress,"regular,flat white,2.15,regular,frappes - strawberries & cream,2.75,regular,speciality tea - earl grey,1.3,large,flavoured latte - hazelnut,2.85,regular,iced latte,2.35"
2021-02-23 14:46:45,Isle of Wight,CARD,9.9,americanexpress,"regular,babyccino,0.0,regular,flavoured iced latte - vanilla,2.75,large,latte,2.45,large,luxury hot chocolate,2.7,regular,smoothies - berry beautiful,2.0"
2021-02-23 14:47:21,Isle of Wight,CASH,0.7,None,"regular,glass of milk,0.7"
2021-02-23 14:48:01,Isle of Wight,CARD,2.25,visa,"large,americano,2.25"
2021-02-23 14:49:15,Isle of Wight,CARD,4.95,mastercard,"regular,speciality tea - earl grey,1.3,regular,hot chocolate,1.4,large,americano,2.25"
2021-02-23 14:50:35,Isle of Wight,CASH,7.8,None,"regular,glass of milk,0.7,regular,smoothies - carrot kick,2.0,regular,smoothies - glowing greens,2.0,regular,glass of milk,0.7,regular,luxury hot chocolate,2.4"
2021-02-23 14:51:20,Isle of Wight,CASH,5.05,None,"regular,flavoured iced latte - caramel,2.75,regular,mocha,2.3"
2021-02-23 14:52:20,Isle of Wight,CARD,5.0,visa,"large,americano,2.25,regular,flavoured iced latte - caramel,2.75"
2021-02-23 14:53:04,Isle of Wight,CASH,8.85,None,"regular,speciality tea - peppermint,1.3,regular,smoothies - berry beautiful,2.0,regular,speciality tea - green,1.3,regular,americano,1.95,regular,mocha,2.3"
2021-02-23 14:54:52,Isle of Wight,CASH,8.4,None,"regular,smoothies - glowing greens,2.0,large,flavoured hot chocolate - hazelnut,2.9,regular,speciality tea - camomile,1.3,regular,hot chocolate,2.2"
2021-02-23 14:55:23,Isle of Wight,CASH,2.75,None,"regular,flavoured iced latte - hazelnut,2.75"
2021-02-23 14:56:04,Isle of Wight,CASH,1.3,None,"regular,speciality tea - green,1.3"
2021-02-23 14:57:39,Isle of Wight,CARD,7.9,americanexpress,"regular,speciality tea - english breakfast,1.3,large,latte,2.45,regular,speciality tea - green,1.3,large,flavoured latte - caramel,2.85"
2021-02-23 14:58:29,Isle of Wight,CARD,6.7,visa,"regular,flavoured latte - hazelnut,2.55,regular,hot chocolate,1.4,regular,frappes - chocolate cookie,2.75"
2021-02-23 14:59:04,Isle of Wight,CARD,11.65,mastercard,"large,flavoured hot chocolate - vanilla,2.9,regular,glass of milk,0.7,regular,flavoured iced latte - hazelnut,2.75,regular,flavoured latte - gingerbread,2.55,regular,flavoured iced latte - caramel,2.75"
2021-02-23 15:00:07,Isle of Wight,CASH,2.4,None,"regular,luxury hot chocolate,2.4"
2021-02-23 15:01:57,Isle of Wight,CASH,2.3,None,"regular,mocha,2.3"
2021-02-23 15:02:59,Isle of Wight,CASH,9.85,None,"large,flavoured hot chocolate - vanilla,2.9,regular,flavoured iced latte - caramel,2.75,regular,speciality tea - earl grey,1.3,large,flavoured hot chocolate - vanilla,2.9"
2021-02-23 15:03:46,Isle of Wight,CASH,5.15,None,"regular,mocha,2.3,large,flavoured latte - vanilla,2.85"
2021-02-23 15:04:36,Isle of Wight,CARD,2.9,visa,"large,flavoured hot chocolate - vanilla,2.9"
2021-02-23 15:05:27,Isle of Wight,CARD,2.6,visa,"regular,flavoured hot chocolate - hazelnut,2.6"
2021-02-23 15:06:37,Isle of Wight,CARD,8.5,visa,"regular,glass of milk,0.7,regular,hot chocolate,1.4,regular,frappes - chocolate cookie,2.75,regular,speciality tea - fruit,1.3,regular,iced latte,2.35"
2021-02-23 15:07:23,Isle of Wight,CASH,0.0,None,"regular,babyccino,0.0"
2021-02-23 15:08:04,Isle of Wight,CASH,4.05,None,"regular,speciality tea - darjeeling,1.3,regular,frappes - chocolate cookie,2.75"
2021-02-23 15:09:06,Isle of Wight,CARD,11.6,americanexpress,"regular,flavoured latte - hazelnut,2.55,regular,frappes - coffee,2.75,large,flavoured latte - hazelnut,2.85,regular,glass of milk,0.7,regular,flavoured iced latte - hazelnut,2.75"
2021-02-23 15:10:15,Isle of Wight,CASH,9.75,None,"regular,red label tea,1.2,regular,speciality tea - earl grey,1.3,large,americano,2.25,regular,flavoured latte - gingerbread,2.55,large,latte,2.45"
2021-02-23 15:11:57,Isle of Wight,CASH,6.6,None,"regular,babyccino,0.0,large,luxury hot chocolate,2.7,regular,red label tea,1.2,large,luxury hot chocolate,2.7"
2021-02-23 15:12:13,Isle of Wight,CASH,11.55,None,"regular,speciality tea - english breakfast,1.3,large,hot chocolate,2.9,regular,cortado,2.05,large,flavoured latte - caramel,2.85,large,cappuccino,2.45"
2021-02-23 15:13:37,Isle of Wight,CASH,2.45,None,"large,latte,2.45"
2021-02-23 15:14:23,Isle of Wight,CASH,5.9,None,"large,cappuccino,2.45,regular,glass of milk,0.7,regular,flavoured iced latte - caramel,2.75"
2021-02-23 15:15:21,Isle of Wight,CASH,7.4,None,"large,hot chocolate,2.9,large,cappuccino,2.45,regular,cortado,2.05"
2021-02-23 15:16:19,Isle of Wight,CASH,2.15,None,"regular,iced americano,2.15"
2021-02-23 15:17:55,Isle of Wight,CARD,7.95,visa,"regular,babyccino,0.0,regular,speciality tea - camomile,1.3,regular,cappuccino,2.15,regular,americano,1.95,regular,flavoured latte - hazelnut,2.55"
2021-02-23 15:18:44,Isle of Wight,CARD,3.35,mastercard,"regular,cortado,2.05,regular,speciality tea - camomile,1.3"
2021-02-23 15:19:49,Isle of Wight,CARD,2.75,visa,"regular,frappes - strawberries & cream,2.75"
2021-02-23 15:20:22,Isle of Wight,CASH,2.85,None,"large,flavoured latte - gingerbread,2.85"
2021-02-23 15:21:11,Isle of Wight,CARD,5.9,discover,"regular,flat white,2.15,regular,iced latte,2.35,regular,hot chocolate,1.4"
2021-02-23 15:22:34,Isle of Wight,CASH,8.45,None,"regular,glass of milk,0.7,large,latte,2.45,regular,speciality tea - earl grey,1.3,regular,speciality tea - green,1.3,large,luxury hot chocolate,2.7"
2021-02-23 15:23:36,Isle of Wight,CASH,4.9,None,"regular,frappes - chocolate cookie,2.75,regular,cappuccino,2.15"
2021-02-23 15:24:04,Isle of Wight,CASH,8.45,None,"regular,flat white,2.15,regular,americano,1.95,regular,cortado,2.05,regular,mocha,2.3"
2021-02-23 15:25:09,Isle of Wight,CASH,4.75,None,"regular,flavoured hot chocolate - caramel,2.6,regular,flat white,2.15"
2021-02-23 15:26:55,Isle of Wight,CASH,2.55,None,"regular,flavoured latte - hazelnut,2.55"
2021-02-23 15:27:09,Isle of Wight,CARD,4.65,discover,"large,americano,2.25,regular,luxury hot chocolate,2.4"
2021-02-23 15:28:16,Isle of Wight,CARD,7.2,americanexpress,"large,flavoured hot chocolate - hazelnut,2.9,regular,red label tea,1.2,regular,speciality tea - peppermint,1.3,large,filter coffee,1.8"
2021-02-23 15:29:13,Isle of Wight,CARD,5.0,visa,"large,americano,2.25,regular,flavoured iced latte - hazelnut,2.75"
2021-02-23 15:30:05,Isle of Wight,CARD,8.65,americanexpress,"large,americano,2.25,regular,latte,2.15,large,flavoured latte - caramel,2.85,regular,hot chocolate,1.4"
2021-02-23 15:31:01,Isle of Wight,CASH,12.2,None,"regular,flavoured iced latte - vanilla,2.75,regular,smoothies - carrot kick,2.0,regular,flavoured iced latte - caramel,2.75,large,latte,2.45,large,americano,2.25"
2021-02-23 15:32:17,Isle of Wight,CARD,5.1,visa,"regular,speciality tea - darjeeling,1.3,large,espresso,1.8,regular,smoothies - glowing greens,2.0"
2021-02-23 15:33:47,Isle of Wight,CASH,4.2,None,"large,flavoured hot chocolate - caramel,2.9,regular,speciality tea - darjeeling,1.3"
2021-02-23 15:34:12,Isle of Wight,CASH,2.15,None,"regular,cappuccino,2.15"
2021-02-23 15:35:59,Isle of Wight,CASH,10.65,None,"large,luxury hot chocolate,2.7,large,flavoured latte - hazelnut,2.85,regular,frappes - coffee,2.75,regular,iced latte,2.35"
2021-02-23 15:36:08,Isle of Wight,CARD,7.5,discover,"regular,mocha,2.3,regular,frappes - coffee,2.75,large,cappuccino,2.45"
2021-02-23 15:37:53,Isle of Wight,CASH,10.65,None,"regular,chai latte,2.3,regular,cortado,2.05,regular,speciality tea - fruit,1.3,large,americano,2.25,regular,flavoured iced latte - hazelnut,2.75"
2021-02-23 15:38:54,Isle of Wight,CARD,13.3,mastercard,"regular,mocha,2.3,large,flavoured hot chocolate - caramel,2.9,large,latte,2.45,large,hot chocolate,2.9,regular,frappes - chocolate cookie,2.75"
2021-02-23 15:39:50,Isle of Wight,CASH,6.45,None,"regular,flat white,2.15,regular,red label tea,1.2,regular,speciality tea - green,1.3,large,espresso,1.8"
2021-02-23 15:40:40,Isle of Wight,CASH,7.35,None,"regular,smoothies - carrot kick,2.0,regular,hot chocolate,1.4,regular,flavoured latte - hazelnut,2.55,regular,hot chocolate,1.4"
2021-02-23 15:41:58,Isle of Wight,CARD,4.75,visa,"regular,smoothies - berry beautiful,2.0,regular,flavoured iced latte - caramel,2.75"
2021-02-23 15:42:23,Isle of Wight,CARD,8.15,americanexpress,"large,luxury hot chocolate,2.7,regular,glass of milk,0.7,regular,flavoured iced latte - caramel,2.75,regular,smoothies - glowing greens,2.0"
2021-02-23 15:43:04,Isle of Wight,CASH,5.45,None,"regular,speciality tea - fruit,1.3,large,flavoured latte - vanilla,2.85,regular,speciality tea - english breakfast,1.3"
2021-02-23 15:44:15,Isle of Wight,CARD,5.2,mastercard,"large,cappuccino,2.45,regular,frappes - coffee,2.75,regular,babyccino,0.0"
2021-02-23 15:45:54,Isle of Wight,CARD,3.3,mastercard,"regular,smoothies - carrot kick,2.0,regular,speciality tea - fruit,1.3"
2021-02-23 15:46:49,Isle of Wight,CARD,9.3,americanexpress,"regular,smoothies - carrot kick,2.0,regular,iced americano,2.15,large,flavoured latte - gingerbread,2.85,regular,mocha,2.3"
2021-02-23 15:47:16,Isle of Wight,CARD,2.75,discover,"regular,frappes - coffee,2.75"
2021-02-23 15:48:20,Isle of Wight,CARD,10.0,mastercard,"regular,frappes - chocolate cookie,2.75,regular,mocha,2.3,regular,cortado,2.05,regular,espresso,1.5,regular,hot chocolate,1.4"
2021-02-23 15:49:23,Isle of Wight,CARD,3.45,americanexpress,"regular,flat white,2.15,regular,speciality tea - fruit,1.3"
2021-02-23 15:50:33,Isle of Wight,CARD,5.45,visa,"regular,speciality tea - camomile,1.3,regular,flavoured iced latte - caramel,2.75,regular,hot chocolate,1.4"
2021-02-23 15:51:47,Isle of Wight,CARD,6.15,americanexpress,"large,flavoured latte - vanilla,2.85,regular,speciality tea - english breakfast,1.3,regular,smoothies - carrot kick,2.0"
2021-02-23 15:52:57,Isle of Wight,CASH,7.3,None,"large,latte,2.45,regular,mocha,2.3,regular,flavoured latte - vanilla,2.55"
2021-02-23 15:53:16,Isle of Wight,CASH,6.2,None,"large,flavoured hot chocolate - hazelnut,2.9,regular,smoothies - berry beautiful,2.0,regular,speciality tea - darjeeling,1.3"
2021-02-23 15:54:53,Isle of Wight,CARD,6.2,visa,"regular,babyccino,0.0,regular,speciality tea - peppermint,1.3,large,latte,2.45,large,latte,2.45"
2021-02-23 15:55:29,Isle of Wight,CARD,6.15,americanexpress,"regular,speciality tea - camomile,1.3,regular,smoothies - carrot kick,2.0,large,flavoured latte - vanilla,2.85"
2021-02-23 15:56:24,Isle of Wight,CARD,6.0,visa,"regular,glass of milk,0.7,large,flavoured latte - gingerbread,2.85,large,latte,2.45"
2021-02-23 15:57:09,Isle of Wight,CASH,6.05,None,"regular,speciality tea - fruit,1.3,regular,smoothies - carrot kick,2.0,regular,frappes - coffee,2.75"
2021-02-23 15:58:22,Isle of Wight,CARD,4.9,mastercard,"large,latte,2.45,large,latte,2.45"
2021-02-23 15:59:45,Isle of Wight,CASH,2.75,None,"regular,flavoured iced latte - vanilla,2.75"
2021-02-23 16:00:00,Isle of Wight,CASH,12.5,None,"regular,cortado,2.05,large,luxury hot chocolate,2.7,regular,flavoured iced latte - hazelnut,2.75,regular,mocha,2.3,large,luxury hot chocolate,2.7"
2021-02-23 16:01:39,Isle of Wight,CARD,7.5,visa,"regular,speciality tea - fruit,1.3,regular,flavoured latte - hazelnut,2.55,regular,speciality tea - fruit,1.3,regular,iced latte,2.35"
2021-02-23 16:02:25,Isle of Wight,CARD,7.35,visa,"regular,speciality tea - earl grey,1.3,regular,speciality tea - fruit,1.3,regular,frappes - strawberries & cream,2.75,regular,smoothies - glowing greens,2.0"
2021-02-23 16:03:42,Isle of Wight,CASH,1.2,None,"regular,red label tea,1.2"
2021-02-23 16:04:45,Isle of Wight,CARD,1.3,mastercard,"regular,speciality tea - darjeeling,1.3"
2021-02-23 16:05:10,Isle of Wight,CASH,7.85,None,"large,americano,2.25,large,flavoured latte - hazelnut,2.85,regular,glass of milk,0.7,regular,cortado,2.05"
2021-02-23 16:06:36,Isle of Wight,CARD,4.55,visa,"regular,chai latte,2.3,large,americano,2.25"
2021-02-23 16:07:55,Isle of Wight,CASH,7.95,None,"regular,iced latte,2.35,regular,iced latte,2.35,regular,red label tea,1.2,regular,cortado,2.05"
2021-02-23 16:08:58,Isle of Wight,CASH,9.6,None,"large,espresso,1.8,regular,flavoured iced latte - vanilla,2.75,regular,flavoured hot chocolate - vanilla,2.6,large,latte,2.45"
2021-02-23 16:09:23,Isle of Wight,CARD,4.25,mastercard,"large,latte,2.45,large,filter coffee,1.8"
2021-02-23 16:10:43,Isle of Wight,CASH,3.6,None,"regular,hot chocolate,2.2,regular,hot chocolate,1.4"
2021-02-23 16:11:02,Isle of Wight,CASH,7.8,None,"large,latte,2.45,regular,flavoured iced latte - hazelnut,2.75,regular,speciality tea - earl grey,1.3,regular,speciality tea - peppermint,1.3"
2021-02-23 16:12:18,Isle of Wight,CASH,4.9,None,"regular,flavoured latte - gingerbread,2.55,regular,iced latte,2.35"
2021-02-23 16:13:01,Isle of Wight,CARD,6.85,visa,"regular,frappes - coffee,2.75,regular,babyccino,0.0,regular,filter coffee,1.5,regular,speciality tea - darjeeling,1.3,regular,speciality tea - peppermint,1.3"
2021-02-23 16:14:14,Isle of Wight,CASH,9.9,None,"large,latte,2.45,large,filter coffee,1.8,regular,filter coffee,1.5,regular,smoothies - carrot kick,2.0,regular,iced americano,2.15"
2021-02-23 16:15:08,Isle of Wight,CARD,2.7,americanexpress,"large,luxury hot chocolate,2.7"
2021-02-23 16:16:38,Isle of Wight,CARD,7.0,mastercard,"regular,red label tea,1.2,regular,speciality tea - green,1.3,regular,iced latte,2.35,regular,flat white,2.15"
2021-02-23 16:17:30,Isle of Wight,CASH,6.4,None,"regular,americano,1.95,regular,speciality tea - green,1.3,regular,glass of milk,0.7,large,latte,2.45"
2021-02-23 16:18:48,Isle of Wight,CARD,2.45,discover,"large,cappuccino,2.45"
2021-02-23 16:19:48,Isle of Wight,CASH,5.2,None,"large,flavoured latte - gingerbread,2.85,regular,iced latte,2.35"
2021-02-23 16:20:34,Isle of Wight,CASH,8.25,None,"regular,frappes - strawberries & cream,2.75,large,hot chocolate,2.9,regular,speciality tea - camomile,1.3,regular,speciality tea - darjeeling,1.3"
2021-02-23 16:21:41,Isle of Wight,CARD,11.3,visa,"regular,glass of milk,0.7,large,hot chocolate,2.9,regular,flavoured hot chocolate - caramel,2.6,regular,frappes - coffee,2.75,regular,iced latte,2.35"
2021-02-23 16:22:58,Isle of Wight,CASH,5.35,None,"regular,speciality tea - peppermint,1.3,regular,speciality tea - english breakfast,1.3,regular,frappes - coffee,2.75"
2021-02-23 16:23:28,Isle of Wight,CARD,10.35,discover,"regular,cortado,2.05,large,americano,2.25,regular,flavoured latte - hazelnut,2.55,regular,speciality tea - darjeeling,1.3,regular,hot chocolate,2.2"
2021-02-23 16:24:54,Isle of Wight,CARD,7.05,mastercard,"regular,americano,1.95,regular,speciality tea - english breakfast,1.3,regular,smoothies - glowing greens,2.0,large,filter coffee,1.8"
2021-02-23 16:25:14,Isle of Wight,CASH,6.65,None,"large,chai latte,2.6,regular,speciality tea - english breakfast,1.3,regular,frappes - chocolate cookie,2.75"
2021-02-23 16:26:02,Isle of Wight,CASH,3.9,None,"regular,red label tea,1.2,large,luxury hot chocolate,2.7"
2021-02-23 16:27:38,Isle of Wight,CASH,9.25,None,"large,flavoured latte - caramel,2.85,regular,frappes - coffee,2.75,regular,hot chocolate,1.4,large,americano,2.25"
2021-02-23 16:28:14,Isle of Wight,CARD,2.55,americanexpress,"regular,flavoured latte - hazelnut,2.55"
2021-02-23 16:29:06,Isle of Wight,CARD,12.4,visa,"regular,flavoured hot chocolate - caramel,2.6,regular,flavoured hot chocolate - caramel,2.6,regular,mocha,2.3,regular,smoothies - glowing greens,2.0,large,flavoured hot chocolate - hazelnut,2.9"
2021-02-23 16:30:17,Isle of Wight,CARD,1.3,visa,"regular,speciality tea - peppermint,1.3"
2021-02-23 16:31:11,Isle of Wight,CARD,6.7,mastercard,"regular,smoothies - carrot kick,2.0,regular,americano,1.95,regular,frappes - chocolate cookie,2.75"
2021-02-23 16:32:49,Isle of Wight,CARD,7.05,visa,"regular,frappes - chocolate cookie,2.75,regular,smoothies - carrot kick,2.0,regular,chai latte,2.3"
2021-02-23 16:33:44,Isle of Wight,CARD,8.4,discover,"regular,smoothies - berry beautiful,2.0,regular,frappes - coffee,2.75,regular,hot chocolate,1.4,large,americano,2.25"
2021-02-23 16:34:21,Isle of Wight,CASH,8.5,None,"regular,flavoured iced latte - caramel,2.75,regular,flavoured iced latte - caramel,2.75,regular,chai latte,2.3,regular,glass of milk,0.7"
2021-02-23 16:35:25,Isle of Wight,CASH,2.05,None,"regular,cortado,2.05"
2021-02-23 16:36:00,Isle of Wight,CASH,12.85,None,"regular,flavoured iced latte - hazelnut,2.75,regular,mocha,2.3,regular,flavoured iced latte - hazelnut,2.75,regular,iced americano,2.15,large,flavoured hot chocolate - hazelnut,2.9"
2021-02-23 16:37:34,Isle of Wight,CARD,4.1,americanexpress,"regular,espresso,1.5,large,chai latte,2.6"
2021-02-23 16:38:06,Isle of Wight,CARD,5.5,americanexpress,"regular,flavoured iced latte - caramel,2.75,regular,frappes - coffee,2.75"
2021-02-23 16:39:35,Isle of Wight,CASH,4.55,None,"regular,frappes - chocolate cookie,2.75,large,filter coffee,1.8"
2021-02-23 16:40:46,Isle of Wight,CASH,8.75,None,"large,flavoured latte - hazelnut,2.85,large,cappuccino,2.45,regular,speciality tea - fruit,1.3,regular,iced americano,2.15"
2021-02-23 16:41:14,Isle of Wight,CARD,5.55,visa,"regular,hot chocolate,1.4,regular,frappes - coffee,2.75,regular,hot chocolate,1.4"
2021-02-23 16:42:37,Isle of Wight,CASH,11.7,None,"regular,flavoured iced latte - caramel,2.75,regular,speciality tea - green,1.3,large,luxury hot chocolate,2.7,regular,cortado,2.05,large,flavoured hot chocolate - hazelnut,2.9"
2021-02-23 16:43:59,Isle of Wight,CARD,6.5,visa,"regular,americano,1.95,regular,smoothies - glowing greens,2.0,regular,flavoured latte - caramel,2.55"
2021-02-23 16:44:31,Isle of Wight,CARD,2.75,visa,"regular,frappes - chocolate cookie,2.75"
2021-02-23 16:45:08,Isle of Wight,CASH,2.25,None,"large,americano,2.25"
2021-02-23 16:46:25,Isle of Wight,CARD,7.0,mastercard,"large,flavoured latte - caramel,2.85,regular,speciality tea - english breakfast,1.3,large,flavoured latte - gingerbread,2.85"
2021-02-23 16:47:43,Isle of Wight,CASH,1.2,None,"regular,red label tea,1.2"
2021-02-23 16:48:36,Isle of Wight,CARD,11.25,visa,"regular,flavoured iced latte - hazelnut,2.75,large,espresso,1.8,regular,americano,1.95,regular,frappes - coffee,2.75,regular,smoothies - glowing greens,2.0"
2021-02-23 16:49:55,Isle of Wight,CARD,4.85,visa,"regular,flavoured hot chocolate - vanilla,2.6,large,americano,2.25"
2021-02-23 16:50:19,Isle of Wight,CASH,8.25,None,"regular,speciality tea - peppermint,1.3,regular,flavoured iced latte - caramel,2.75,regular,cortado,2.05,regular,iced americano,2.15"
2021-02-23 16:51:28,Isle of Wight,CARD,1.3,discover,"regular,speciality tea - earl grey,1.3"
2021-02-23 16:52:15,Isle of Wight,CARD,10.0,visa,"regular,red label tea,1.2,large,filter coffee,1.8,large,americano,2.25,regular,smoothies - carrot kick,2.0,regular,flavoured iced latte - hazelnut,2.75"
2021-02-23 16:53:55,Isle of Wight,CARD,5.05,visa,"regular,frappes - strawberries & cream,2.75,regular,mocha,2.3"
2021-02-23 16:54:53,Isle of Wight,CASH,12.3,None,"regular,frappes - chocolate cookie,2.75,regular,luxury hot chocolate,2.4,regular,filter coffee,1.5,large,flavoured hot chocolate - hazelnut,2.9,regular,flavoured iced latte - hazelnut,2.75"
2021-02-23 16:55:16,Isle of Wight,CARD,2.3,americanexpress,"regular,mocha,2.3"
2021-02-23 16:56:00,Isle of Wight,CARD,2.6,discover,"regular,speciality tea - fruit,1.3,regular,speciality tea - english breakfast,1.3"
2021-02-23 16:57:49,Isle of Wight,CASH,1.4,None,"regular,hot chocolate,1.4"
2021-02-23 16:58:32,Isle of Wight,CARD,2.85,discover,"large,flavoured latte - vanilla,2.85"
2021-02-23 16:59:23,Isle of Wight,CASH,3.5,None,"regular,espresso,1.5,regular,glass of milk,0.7,regular,speciality tea - camomile,1.3"
2021-02-23 17:00:37,Isle of Wight,CARD,5.65,visa,"regular,flavoured iced latte - hazelnut,2.75,large,flavoured hot chocolate - caramel,2.9"
2021-02-23 17:01:52,Isle of Wight,CASH,5.0,None,"regular,flat white,2.15,large,flavoured latte - caramel,2.85"
2021-02-23 17:02:57,Isle of Wight,CASH,7.8,None,"large,latte,2.45,regular,frappes - strawberries & cream,2.75,regular,speciality tea - camomile,1.3,regular,speciality tea - earl grey,1.3"
2021-02-23 17:03:28,Isle of Wight,CASH,6.9,None,"regular,hot chocolate,1.4,regular,red label tea,1.2,regular,smoothies - carrot kick,2.0,regular,mocha,2.3"
2021-02-23 17:04:34,Isle of Wight,CARD,6.9,mastercard,"regular,babyccino,0.0,regular,smoothies - glowing greens,2.0,regular,chai latte,2.3,regular,speciality tea - green,1.3,regular,speciality tea - fruit,1.3"
2021-02-23 17:05:06,Isle of Wight,CASH,5.2,None,"regular,speciality tea - fruit,1.3,regular,red label tea,1.2,large,luxury hot chocolate,2.7"
2021-02-23 17:06:07,Isle of Wight,CARD,2.75,visa,"regular,flavoured iced latte - hazelnut,2.75"
2021-02-23 17:07:00,Isle of Wight,CARD,2.0,visa,"regular,smoothies - berry beautiful,2.0"
2021-02-23 17:08:46,Isle of Wight,CASH,3.85,None,"regular,flavoured latte - vanilla,2.55,regular,speciality tea - english breakfast,1.3"
2021-02-23 17:09:10,Isle of Wight,CASH,5.05,None,"regular,iced americano,2.15,large,flavoured hot chocolate - vanilla,2.9"
2021-02-23 17:10:51,Isle of Wight,CARD,2.15,americanexpress,"regular,flat white,2.15"
2021-02-23 17:11:18,Isle of Wight,CASH,10.25,None,"large,espresso,1.8,regular,glass of milk,0.7,large,americano,2.25,regular,frappes - chocolate cookie,2.75,regular,frappes - coffee,2.75"
2021-02-23 17:12:23,Isle of Wight,CASH,4.4,None,"regular,babyccino,0.0,regular,flavoured hot chocolate - hazelnut,2.6,large,espresso,1.8"
2021-02-23 17:13:02,Isle of Wight,CARD,2.0,discover,"regular,smoothies - berry beautiful,2.0"
2021-02-23 17:14:13,Isle of Wight,CARD,11.45,americanexpress,"regular,frappes - coffee,2.75,regular,iced latte,2.35,regular,chai latte,2.3,regular,speciality tea - fruit,1.3,regular,flavoured iced latte - caramel,2.75"
2021-02-23 17:15:24,Isle of Wight,CARD,2.15,americanexpress,"regular,flat white,2.15"
2021-02-23 17:16:57,Isle of Wight,CASH,8.75,None,"regular,flavoured iced latte - vanilla,2.75,regular,filter coffee,1.5,large,americano,2.25,large,americano,2.25"
2021-02-23 17:17:32,Isle of Wight,CASH,3.35,None,"regular,speciality tea - fruit,1.3,regular,cortado,2.05"
2021-02-23 17:18:45,Isle of Wight,CARD,2.55,americanexpress,"regular,flavoured latte - gingerbread,2.55"
2021-02-23 17:19:12,Isle of Wight,CARD,9.5,americanexpress,"regular,iced americano,2.15,large,latte,2.45,regular,iced americano,2.15,regular,frappes - strawberries & cream,2.75"
2021-02-23 17:20:24,Isle of Wight,CASH,8.5,None,"regular,americano,1.95,regular,flavoured hot chocolate - caramel,2.6,regular,hot chocolate,1.4,regular,flavoured latte - caramel,2.55"
2021-02-23 17:21:48,Isle of Wight,CASH,8.7,None,"regular,speciality tea - peppermint,1.3,regular,mocha,2.3,regular,iced latte,2.35,regular,frappes - chocolate cookie,2.75"
2021-02-23 17:22:58,Isle of Wight,CASH,9.45,None,"large,luxury hot chocolate,2.7,regular,smoothies - carrot kick,2.0,regular,smoothies - glowing greens,2.0,regular,frappes - coffee,2.75"
2021-02-23 17:23:37,Isle of Wight,CARD,6.15,visa,"regular,glass of milk,0.7,regular,hot chocolate,1.4,regular,red label tea,1.2,large,flavoured latte - hazelnut,2.85"
2021-02-23 17:24:45,Isle of Wight,CASH,4.15,None,"regular,smoothies - berry beautiful,2.0,regular,flat white,2.15"
2021-02-23 17:25:10,Isle of Wight,CASH,7.95,None,"regular,flavoured iced latte - caramel,2.75,regular,iced latte,2.35,large,flavoured latte - gingerbread,2.85"
2021-02-23 17:26:03,Isle of Wight,CASH,6.7,None,"large,espresso,1.8,regular,latte,2.15,regular,frappes - chocolate cookie,2.75"
2021-02-23 17:27:10,Isle of Wight,CASH,8.95,None,"regular,flavoured hot chocolate - hazelnut,2.6,regular,speciality tea - earl grey,1.3,large,cappuccino,2.45,regular,speciality tea - fruit,1.3,regular,speciality tea - earl grey,1.3"
2021-02-23 17:28:17,Isle of Wight,CASH,10.6,None,"regular,smoothies - berry beautiful,2.0,regular,smoothies - glowing greens,2.0,regular,flavoured latte - vanilla,2.55,regular,speciality tea - camomile,1.3,regular,flavoured iced latte - vanilla,2.75"
2021-02-23 17:29:36,Isle of Wight,CASH,3.55,None,"large,americano,2.25,regular,speciality tea - green,1.3"
2021-02-23 17:30:44,Isle of Wight,CASH,5.45,None,"regular,hot chocolate,1.4,regular,flavoured iced latte - hazelnut,2.75,regular,speciality tea - camomile,1.3"
2021-02-23 17:31:18,Isle of Wight,CASH,5.95,None,"large,cappuccino,2.45,regular,smoothies - carrot kick,2.0,regular,filter coffee,1.5"
2021-02-23 17:32:28,Isle of Wight,CARD,7.95,discover,"regular,flat white,2.15,large,americano,2.25,regular,iced americano,2.15,regular,hot chocolate,1.4"
2021-02-23 17:33:37,Isle of Wight,CASH,2.6,None,"regular,speciality tea - earl grey,1.3,regular,speciality tea - fruit,1.3"
2021-02-23 17:34:42,Isle of Wight,CARD,10.25,americanexpress,"regular,flavoured latte - hazelnut,2.55,large,flavoured latte - vanilla,2.85,regular,glass of milk,0.7,large,flavoured latte - hazelnut,2.85,regular,speciality tea - green,1.3"
2021-02-23 17:35:46,Isle of Wight,CASH,1.4,None,"regular,hot chocolate,1.4"
2021-02-23 17:36:28,Isle of Wight,CARD,7.05,visa,"regular,filter coffee,1.5,large,americano,2.25,regular,smoothies - berry beautiful,2.0,regular,speciality tea - camomile,1.3"
2021-02-23 17:37:40,Isle of Wight,CASH,7.1,None,"regular,flavoured iced latte - caramel,2.75,large,espresso,1.8,regular,flavoured latte - vanilla,2.55"
2021-02-23 17:38:20,Isle of Wight,CARD,5.35,visa,"regular,frappes - chocolate cookie,2.75,large,chai latte,2.6"
2021-02-23 17:39:18,Isle of Wight,CASH,10.25,None,"regular,speciality tea - english breakfast,1.3,regular,frappes - strawberries & cream,2.75,regular,speciality tea - earl grey,1.3,large,latte,2.45,large,latte,2.45"
2021-02-23 17:40:47,Isle of Wight,CASH,6.95,None,"large,americano,2.25,regular,americano,1.95,regular,flavoured iced latte - hazelnut,2.75"
2021-02-23 17:41:34,Isle of Wight,CASH,4.35,None,"regular,smoothies - glowing greens,2.0,regular,iced latte,2.35"
2021-02-23 17:42:18,Isle of Wight,CARD,1.2,americanexpress,"regular,red label tea,1.2"
2021-02-23 17:43:47,Isle of Wight,CASH,1.2,None,"regular,red label tea,1.2"
2021-02-23 17:44:17,Isle of Wight,CARD,6.85,visa,"regular,smoothies - carrot kick,2.0,large,americano,2.25,large,chai latte,2.6"
2021-02-23 17:45:41,Isle of Wight,CARD,10.35,discover,"regular,smoothies - carrot kick,2.0,regular,flavoured iced latte - caramel,2.75,regular,flavoured iced latte - caramel,2.75,large,flavoured latte - gingerbread,2.85"
2021-02-23 17:46:17,Isle of Wight,CARD,12.2,mastercard,"large,flavoured latte - vanilla,2.85,large,luxury hot chocolate,2.7,regular,flavoured iced latte - vanilla,2.75,large,luxury hot chocolate,2.7,regular,red label tea,1.2"
2021-02-23 17:47:19,Isle of Wight,CASH,6.05,None,"large,flavoured latte - caramel,2.85,regular,red label tea,1.2,regular,smoothies - carrot kick,2.0"
2021-02-23 17:48:27,Isle of Wight,CARD,10.3,mastercard,"large,cappuccino,2.45,regular,speciality tea - fruit,1.3,regular,speciality tea - darjeeling,1.3,regular,iced latte,2.35,large,hot chocolate,2.9"
2021-02-23 17:49:04,Isle of Wight,CASH,4.75,None,"large,cappuccino,2.45,regular,chai latte,2.3"
2021-02-23 17:50:06,Isle of Wight,CASH,5.85,None,"large,americano,2.25,regular,speciality tea - green,1.3,regular,babyccino,0.0,regular,chai latte,2.3"
2021-02-23 17:51:15,Isle of Wight,CASH,8.3,None,"large,latte,2.45,regular,flavoured iced latte - caramel,2.75,regular,speciality tea - earl grey,1.3,large,filter coffee,1.8"
2021-02-23 17:52:14,Isle of Wight,CARD,8.6,americanexpress,"regular,frappes - chocolate cookie,2.75,large,espresso,1.8,regular,frappes - chocolate cookie,2.75,regular,speciality tea - peppermint,1.3"
2021-02-23 17:53:20,Isle of Wight,CASH,5.0,None,"large,americano,2.25,regular,flavoured iced latte - hazelnut,2.75"
2021-02-23 17:54:49,Isle of Wight,CARD,8.95,discover,"regular,speciality tea - darjeeling,1.3,large,flavoured hot chocolate - caramel,2.9,regular,smoothies - carrot kick,2.0,regular,frappes - coffee,2.75"
2021-02-23 17:55:39,Isle of Wight,CASH,7.15,None,"regular,iced americano,2.15,regular,glass of milk,0.7,regular,mocha,2.3,regular,smoothies - berry beautiful,2.0,regular,babyccino,0.0"
2021-02-23 17:56:04,Isle of Wight,CASH,8.35,None,"large,chai latte,2.6,large,flavoured latte - caramel,2.85,large,hot chocolate,2.9"
2021-02-23 17:57:28,Isle of Wight,CASH,2.2,None,"regular,hot chocolate,2.2"
2021-02-23 17:58:17,Isle of Wight,CASH,6.85,None,"regular,americano,1.95,regular,flat white,2.15,regular,flavoured iced latte - caramel,2.75"
2021-02-23 17:59:04,Isle of Wight,CASH,8.5,None,"regular,frappes - coffee,2.75,regular,speciality tea - darjeeling,1.3,regular,smoothies - berry beautiful,2.0,large,latte,2.45"
